SCHOOLNAME,VEMOACCOUNTNUMBER,MAILINGPOSTALCODE,VEMOCONTRACTNUMBER,ADJUSTMENTMETHOD,PAYMENTCAPFACTOR,FUNDINGAMOUNTPOSTCERTIFICATION,INCOMESHAREPOSTCERTIFICATION,PAYMENTTERMPOSTCERTIFICATION,TOTALDEFERMENTMONTHS,MINIMUMINCOMEPERMONTH,STATUS,CLOSEDDATE,CLOSEDREASON,DAYSPASTDUE,VERIFIEDANNUALINCOME,VERIFIEDANNUALINCOMETYPE,SERVICINGREASON,EFFECTIVEDATEOFCHANGE
Kenzie CIM,10007238,46038,1000002216,Payment Term,1.75,23000.00,13.0000,48.00,48,3333.34,Deferment,,,0,,,Graduated,2019-05-24
Kenzie CIM,10007240,46219,1000002218,Payment Term,1.75,23000.00,13.0000,48.00,48,3333.34,Payment,,,0,50000.00,Reported,Graduated,2019-11-20
Kenzie CIM,10007241,46220,1000002219,Payment Term,1.75,23000.00,13.0000,48.00,48,3333.34,Payment,,,634,54995.00,Reported,Graduated,2019-01-08
Kenzie CIM,10007242,46163,1000002220,Payment Term,1.75,23000.00,13.0000,48.00,48,3333.34,Payment,,,133,79997.00,Reported,Graduated,2019-01-04
Kenzie CIM,10007244,46201,1000002222,Payment Term,1.75,23000.00,13.0000,48.00,48,3333.34,Payment,,,26,69446.00,Reported,Graduated,2019-09-25
Kenzie CIM,10007246,46228,1000002224,Payment Term,1.75,23000.00,13.0000,48.00,48,3333.34,Payment,,,116,49873.00,Reported,Graduated,2019-04-05
Kenzie CIM,10007247,46250,1000002225,Payment Term,1.75,11500.00,13.0000,24.00,48,3333.34,Closed,2022-04-19,Contract satisfied,0,89301.00,Reported,Withdrew,2019-02-15
Kenzie CIM,10007248,37208,1000002226,Payment Term,1.75,23000.00,13.0000,48.00,48,3333.34,Deferment,,,0,,,Graduated,2019-07-25
Kenzie CIM,10007594,46038,1000002587,Payment Term,1.75,19000.00,13.0000,36.00,36,3333.34,Payment,,,0,65581.00,Reported,Graduated,2019-03-11
Kenzie CIM,10007595,46032,1000002588,Payment Term,1.75,10000.00,13.0000,24.00,24,3333.34,Pending Reconciliation,,,0,66520.00,Reported,Graduated,2019-01-11
Kenzie CIM,10007596,46227,1000002589,Payment Term,1.75,10000.00,13.0000,24.00,24,3333.34,Pending Reconciliation,,,0,51030.00,Reported,Graduated,2019-01-11
Kenzie CIM,10007598,46038,1000002591,Payment Term,1.75,19000.00,13.0000,36.00,36,3333.34,Deferment,,,0,,,Graduated,2019-09-23
Kenzie CIM,10007599,46203,1000002592,Payment Term,1.75,19000.00,13.0000,36.00,36,3333.34,Payment,,,634,99000.00,Estimated,Graduated,2019-05-02
Kenzie CIM,10007600,46808,1000002593,Payment Term,1.75,19000.00,13.0000,36.00,36,3333.34,Payment,,,0,65000.00,Reported,Graduated,2019-06-26
Kenzie CIM,10008199,46208,1000003263,Payment Term,1.75,11500.00,13.0000,24.00,48,3333.34,Pending Reconciliation,,,0,90000.00,Reported,Withdrew,2019-01-18
Kenzie CIM,10008202,46278,1000003266,Payment Term,1.75,23000.00,13.0000,48.00,48,3333.34,Payment,,,0,57200.00,Reported,Graduated,2019-10-18
Kenzie CIM,10008204,46074,1000003268,Payment Term,1.75,12000.00,13.0000,25.00,25,3333.34,Payment,,,0,62400.00,Reported,Graduated,2020-07-10
Kenzie CIM,10008205,46204,1000003269,Payment Term,1.75,12000.00,13.0000,25.00,25,3333.34,Pending Reconciliation,,,0,61750.00,Reported,Graduated,2019-07-12
Kenzie CIM,10008213,46205,1000003276,Payment Term,1.75,23000.00,13.0000,48.00,48,3333.34,Payment,,,0,88630.00,Reported,Graduated,2019-06-18
Kenzie CIM,10008302,46074,1000003365,Payment Term,1.75,23000.00,13.0000,48.00,48,3333.34,Payment,,,0,52707.00,Reported,Graduated,2019-07-19
Kenzie CIM,10008560,46208,1000003749,Payment Term,1.75,7000.00,13.0000,13.00,36,3333.34,Pending Reconciliation,,,0,49459.00,Reported,Graduated,2019-01-11
Kenzie CIM,10008561,46224,1000003750,Payment Term,1.75,8000.00,13.0000,15.00,36,3333.34,Payment,,,0,50000.00,Reported,Graduated,2020-04-03
Kenzie CIM,10009271,46140,1000004411,Payment Term,1.75,11500.00,13.0000,24.00,48,3333.34,Pending Reconciliation,,,0,,,Graduated,2019-03-01
Kenzie CIM,10009318,46220,1000004478,Payment Term,1.75,23000.00,13.0000,48.00,48,3333.34,Payment,,,0,56100.00,Reported,Graduated,2019-09-06
Kenzie CIM,10009322,46219,1000004482,Payment Term,1.75,23000.00,13.0000,48.00,48,3333.34,Payment,,,0,100000.00,Reported,Graduated,2019-12-23
Kenzie CIM,10009542,46037,1000004680,Payment Term,1.75,23000.00,13.0000,48.00,48,3333.34,Payment,,,0,80021.00,Reported,Graduated,2019-06-18
Kenzie CIM,10009554,46234,1000004694,Payment Term,1.75,23000.00,13.0000,48.00,48,3333.34,Payment,,,0,56583.00,Reported,Graduated,2019-10-18
Kenzie CIM,10009566,46205,1000004703,Payment Term,1.75,23000.00,13.0000,48.00,48,3333.34,Deferment,,,0,73666.00,Reported,Graduated,2019-10-18
Kenzie CIM,10009567,46201,1000004705,Payment Term,1.75,23000.00,13.0000,48.00,48,3333.34,Payment,,,422,72800.00,Reported,Graduated,2020-01-29
Kenzie CIM,10009581,46140,1000004720,Payment Term,1.75,23000.00,13.0000,48.00,48,3333.34,Payment,,,0,52000.00,Reported,Graduated,2020-01-29
Kenzie CIM,10009586,46038,1000004725,Payment Term,1.75,23000.00,13.0000,48.00,48,3333.34,Deferment,,,0,20800.00,Reported,Graduated,2020-10-14
Kenzie CIM,10009588,46203,1000004727,Payment Term,1.75,23000.00,13.0000,48.00,48,3333.34,Payment,,,269,77701.00,Estimated,Graduated,2020-04-23
Kenzie CIM,10009589,46214,1000004728,Payment Term,1.75,23000.00,13.0000,48.00,48,3333.34,Payment,,,422,77701.00,Estimated,Graduated,2020-10-09
Kenzie CIM,10009590,46227,1000004729,Payment Term,1.75,23000.00,13.0000,48.00,48,3333.34,Payment,,,0,87300.00,Reported,Graduated,2019-07-03
Kenzie CIM,10009592,46205,1000004731,Payment Term,1.75,23000.00,13.0000,48.00,48,3333.34,Payment,,,634,71500.00,Reported,Graduated,2020-03-18
Kenzie CIM,10009593,46204,1000004732,Payment Term,1.75,23000.00,13.0000,48.00,48,3333.34,Payment,,,573,99000.00,Estimated,Graduated,2020-05-21
Kenzie CIM,10009594,60178,1000004733,Payment Term,1.75,23000.00,13.0000,48.00,48,3333.34,Payment,,,0,51048.00,Reported,Graduated,2019-07-15
Kenzie CIM,10010048,46202,1000005157,Payment Term,1.75,23900.00,13.0000,48.00,48,3333.34,Payment,,,0,42111.00,Estimated,Graduated,2020-02-25
Kenzie CIM,10010086,46106,1000005189,Payment Term,1.75,23900.00,13.0000,48.00,48,3333.34,Payment,,,0,70000.00,Reported,Graduated,2019-10-18
Kenzie CIM,10010094,46201,1000005201,Payment Term,1.75,23900.00,13.0000,48.00,48,3333.34,Payment,,,0,75000.00,Reported,Graduated,2020-01-28
Kenzie CIM,10010095,46012,1000005202,Payment Term,1.75,23900.00,13.0000,48.00,48,3333.34,Payment,,,0,67000.00,Reported,Graduated,2019-10-18
Kenzie CIM,10010190,46038,1000005297,Payment Term,1.75,12000.00,13.0000,25.00,25,3333.34,Payment,,,0,122000.00,Reported,Graduated,2020-01-29
Kenzie CIM,10010192,80403,1000005299,Payment Term,1.75,23900.00,13.0000,48.00,48,3333.34,Payment,,,0,62400.00,Reported,Graduated,2020-09-10
Kenzie CIM,10010194,46260,1000005301,Payment Term,1.75,23900.00,13.0000,48.00,48,3333.34,Payment,,,0,65000.00,Reported,Graduated,2020-07-10
Kenzie CIM,10010199,46237,1000005569,Payment Term,1.75,23900.00,13.0000,48.00,48,3333.34,Payment,,,0,54405.00,Reported,Graduated,2021-01-15
Kenzie CIM,10010201,60609,1000005308,Payment Term,1.75,23900.00,13.0000,48.00,48,3333.34,Deferment,,,0,,,Graduated,2021-01-15
Kenzie CIM,10010208,46074,1000005315,Payment Term,1.75,23900.00,13.0000,48.00,48,3333.34,Deferment,,,0,21632.00,Reported,Graduated,2020-01-28
Kenzie CIM,10010209,46219,1000005570,Payment Term,1.75,23900.00,13.0000,48.00,48,3333.34,Payment,,,0,57200.00,Reported,Graduated,2020-01-29
Kenzie CIM,10010215,46208,1000005322,Payment Term,1.75,23900.00,13.0000,48.00,48,3333.34,Payment,,,0,46034.00,Reported,Graduated,2020-01-22
Kenzie CIM,10010259,46060,1000005361,Payment Term,1.75,23900.00,13.0000,48.00,48,3333.34,Payment,,,0,70000.00,Reported,Graduated,2020-01-29
Kenzie CIM,10010302,46218,1000005409,Payment Term,1.75,23900.00,13.0000,48.00,48,3333.34,Payment,,,0,65000.00,Reported,Graduated,2021-01-15
Kenzie CIM,10010304,46226,1000005585,Payment Term,1.75,23900.00,13.0000,48.00,48,3333.34,Payment,,,0,57654.00,Reported,Graduated,2020-02-18
Kenzie CIM,10010673,46228,1000005808,Payment Term,1.75,23900.00,13.0000,48.00,48,3333.34,Deferment,,,0,30160.00,Reported,Graduated,2020-01-28
Kenzie CIM,10010871,35653,1000005990,Payment Term,1.75,23900.00,13.0000,48.00,48,3333.34,Payment,,,0,57059.00,Reported,Graduated,2021-04-16
Kenzie CIM,10010936,46205,1000006054,Payment Term,1.75,23900.00,13.0000,48.00,48,3333.34,Payment,,,0,68320.00,Reported,Graduated,2020-07-23
Kenzie CIM,10010960,46220,1000006072,Payment Term,1.75,23900.00,13.0000,48.00,48,3333.34,Payment,,,0,40729.00,Estimated,Graduated,2020-04-24
Kenzie CIM,10010965,46933,1000006077,Payment Term,1.75,23900.00,13.0000,48.00,48,3333.34,Deferment,,,0,,,Graduated,2020-07-10
Kenzie CIM,10011039,46256,1000006142,Payment Term,1.75,11950.00,13.0000,24.00,48,3333.34,Deferment,,,0,,,Withdrew,2020-01-17
Kenzie CIM,10011051,33905,1000006155,Payment Term,1.75,11950.00,13.0000,24.00,48,3333.34,Payment,,,634,99000.00,Estimated,Withdrew,2020-03-10
Kenzie CIM,10011063,33976,1000007553,Payment Term,1.75,23900.00,13.0000,48.00,48,3333.34,Deferment,,,0,29120.00,Reported,Graduated,2020-07-23
Kenzie CIM,10011098,60631,1000006200,Payment Term,1.75,23900.00,13.0000,48.00,48,3333.34,Payment,,,0,42750.00,Reported,Graduated,2020-07-23
Kenzie CIM,10011133,21030,1000006237,Payment Term,1.75,23900.00,13.0000,48.00,48,3333.34,Deferment,,,0,19179.00,Reported,Graduated,2021-04-16
Kenzie CIM,10011312,46140,1000006513,Payment Term,1.75,11500.00,13.0000,24.00,25,3333.34,Deferment,,,0,12080.00,Reported,Withdrew,2020-07-23
Kenzie CIM,10011320,46201,1000006429,Payment Term,1.75,12000.00,13.0000,25.00,25,3333.34,Deferment,,,0,33600.00,Reported,Graduated,2020-04-24
Kenzie CIM,10011376,47401,1000006493,Payment Term,1.75,12000.00,13.0000,25.00,25,3333.34,Payment,,,0,48000.00,Reported,Graduated,2020-07-23
Kenzie CIM,10011383,46219,1000006498,Payment Term,1.75,23900.00,13.0000,48.00,48,3333.34,Payment,,,0,50000.00,Reported,Graduated,2020-07-23
Kenzie CIM,10011494,46225,1000006610,Payment Term,1.75,23900.00,13.0000,48.00,48,3333.34,Payment,,,0,65000.00,Reported,Graduated,2020-07-23
Kenzie CIM,10011550,46239,1000006681,Payment Term,1.75,23900.00,13.0000,48.00,48,3333.34,Payment,,,0,79145.00,Estimated,Graduated,2020-07-23
Kenzie CIM,10011662,46280,1000006958,Payment Term,1.75,23900.00,13.0000,48.00,48,3333.34,Deferment,,,0,55000.00,Reported,Graduated,2020-07-23
Kenzie CIM,10011711,47150,1000007556,Payment Term,1.75,23900.00,13.0000,48.00,48,3333.34,Deferment,,,0,36961.00,Reported,Graduated,2020-10-22
Kenzie CIM,10011732,46226,1000007043,Payment Term,1.75,23900.00,13.0000,48.00,48,3333.34,Payment,,,0,55000.00,Reported,Graduated,2020-07-23
Kenzie CIM,10011774,46219,1000007092,Payment Term,1.75,23900.00,13.0000,48.00,48,3333.34,Payment,,,0,45360.00,Reported,Graduated,2020-07-23
Kenzie CIM,10012234,83835,1000007568,Payment Term,1.75,23900.00,13.0000,48.00,48,3333.34,Deferment,,,0,39386.00,Reported,Graduated,2020-07-23
Kenzie CIM,10012235,46234,1000007569,Payment Term,1.75,23900.00,13.0000,48.00,48,3333.34,Payment,,,422,77701.00,Estimated,Graduated,2020-07-23
Kenzie CIM,10012238,35233,1000007572,Payment Term,1.75,23900.00,13.0000,48.00,48,3333.34,Payment,,,0,77701.00,Estimated,Graduated,2020-07-23
Kenzie CIM,10012240,45224,1000007574,Payment Term,1.75,23900.00,13.0000,48.00,48,3333.34,Payment,,,0,90002.00,Reported,Graduated,2020-07-23
Kenzie CIM,10012241,02129,1000007575,Payment Term,1.75,11950.00,13.0000,24.00,48,3333.34,Payment,,,0,83232.00,Reported,Withdrew,2020-01-17
Kenzie CIM,10012243,78660,1000007577,Payment Term,1.75,23900.00,13.0000,48.00,48,3333.34,Payment,,,0,66924.00,Reported,Graduated,2020-10-22
Kenzie CIM,10012251,47201,1000007583,Payment Term,1.75,23900.00,13.0000,48.00,48,3333.34,Payment,,,0,57000.00,Reported,Graduated,2020-07-23
Kenzie CIM,10012270,46224,1000007610,Payment Term,1.75,23900.00,13.0000,48.00,48,3333.34,Deferment,,,0,,,Graduated,2020-07-23
Kenzie CIM,10012370,46219,1000007710,Payment Term,1.75,23900.00,13.0000,48.00,48,3333.34,Payment,,,0,42263.00,Reported,Graduated,2020-10-22
Kenzie CIM,10012494,33578,1000007858,Payment Term,1.75,23900.00,13.0000,48.00,48,3333.34,Payment,,,0,50027.00,Reported,Graduated,2020-07-23
Kenzie CIM,10012568,47274,1000007940,Payment Term,1.75,23900.00,13.0000,48.00,48,3333.34,Deferment,,,0,31200.00,Reported,Graduated,2020-07-23
Kenzie CIM,10012569,46038,1000007942,Payment Term,1.75,23900.00,13.0000,48.00,48,3333.34,Deferment,,,0,19812.00,Reported,Graduated,2020-07-23
Kenzie CIM,10012594,98118,1000007969,Payment Term,1.75,23900.00,13.0000,48.00,48,3333.34,Deferment,,,0,0.00,,Graduated,2020-07-23
Kenzie CIM,10012643,60506,1000008060,Payment Term,1.75,23900.00,13.0000,48.00,48,3333.34,Deferment,,,0,,,Graduated,2020-07-23
Kenzie CIM,10012649,60478,1000008067,Payment Term,1.75,23900.00,13.0000,48.00,48,3333.34,Deferment,,,0,,,Graduated,2020-07-23
Kenzie CIM,10012713,47408,1000008128,Payment Term,1.75,23900.00,13.0000,48.00,48,3333.34,Deferment,,,0,23005.00,Reported,Graduated,2020-07-23
Kenzie CIM,10012783,46256,1000008204,Payment Term,1.75,13900.00,13.0000,28.00,48,3333.34,Payment,,,0,79145.00,Estimated,Graduated,2020-07-23
Kenzie CIM,10013243,46219,1000008692,Payment Term,1.75,23900.00,13.0000,48.00,48,3333.34,Payment,,,0,42111.00,Estimated,Graduated,2020-07-23
Kenzie CIM,10013246,48393,1000008695,Payment Term,1.75,23900.00,13.0000,48.00,48,3333.34,Payment,,,133,42111.00,Estimated,Graduated,2020-10-22
Kenzie CIM,10013276,92677,1000008735,Payment Term,1.75,12000.00,13.0000,25.00,48,3333.34,Deferment,,,0,0.00,,Graduated,2020-07-23
Kenzie CIM,10013517,46239,1000008990,Payment Term,1.75,23900.00,13.0000,48.00,48,3333.34,Deferment,,,0,80000.00,Reported,Graduated,2020-07-23
Kenzie CIM,10013689,43160,1000009236,Payment Term,1.75,23900.00,13.0000,48.00,48,3333.34,Payment,,,0,79145.00,Estimated,Graduated,2020-10-22
Kenzie CIM,10013975,10462,1000009570,Payment Term,1.75,23900.00,13.0000,48.00,48,3333.34,Deferment,,,0,0.00,,Graduated,2020-10-22
Kenzie CIM,10014093,15301,1000009721,Payment Term,1.75,23900.00,13.0000,48.00,48,3333.34,Deferment,,,0,31720.00,Reported,Graduated,2020-08-28
Kenzie CIM,10014095,10025,1000009723,Payment Term,1.75,23900.00,13.0000,48.00,48,3333.34,Payment,,,330,64881.00,Reported,Graduated,2020-08-28
Kenzie CIM,10014165,55987,1000009787,Payment Term,1.75,23900.00,13.0000,48.00,48,3333.34,Deferment,,,0,13000.00,Reported,Graduated,2020-10-22
Kenzie CIM,10014185,34748,1000011159,Payment Term,1.75,23900.00,13.0000,48.00,48,3333.34,Deferment,,,0,13000.00,Reported,Graduated,2020-10-22
Kenzie CIM,10014195,46205,1000009817,Payment Term,1.75,23900.00,13.0000,48.00,48,3333.34,Deferment,,,0,,,Graduated,2020-10-22
Kenzie CIM,10014200,29210,1000009822,Payment Term,1.75,23900.00,13.0000,48.00,48,3333.34,Payment,,,330,51194.00,Reported,Graduated,2020-10-22
Kenzie CIM,10014411,46236,1000010699,Payment Term,1.75,23900.00,13.0000,48.00,48,3333.34,Payment,,,330,72000.00,Reported,Graduated,2020-10-22
Kenzie CIM,10014441,46036,1000010365,Payment Term,1.75,18900.00,13.0000,38.00,48,3333.34,Deferment,,,0,,,Graduated,2020-10-22
Kenzie CIM,10014511,28216,1000010147,Payment Term,1.75,23900.00,13.0000,48.00,48,3333.34,Deferment,,,0,0.00,,Graduated,2020-10-22
Kenzie CIM,10014538,23231,1000010174,Payment Term,1.75,23900.00,13.0000,48.00,48,3333.34,Deferment,,,0,24000.00,Reported,Graduated,2021-04-30
Kenzie CIM,10014581,17404,1000010219,Payment Term,1.75,23900.00,13.0000,48.00,48,3333.34,Payment,,,422,77701.00,Estimated,Graduated,2020-10-22
Kenzie CIM,10014593,75098,1000010231,Payment Term,1.75,23900.00,13.0000,48.00,48,3333.34,Payment,,,0,40622.00,Reported,Graduated,2020-08-28
Kenzie CIM,10014718,46214,1000010356,Payment Term,1.75,13900.00,13.0000,28.00,48,3333.34,Deferment,,,0,19200.00,Reported,Graduated,2020-10-22
Kenzie CIM,10014746,46077,1000010385,Payment Term,1.75,23900.00,13.0000,48.00,48,3333.34,Payment,,,422,79145.00,Estimated,Graduated,2020-10-22
Kenzie CIM,10014809,47906,1000010433,Payment Term,1.75,23900.00,13.0000,48.00,48,3333.34,Payment,,,0,83351.00,Reported,Graduated,2020-10-22
Kenzie CIM,10014815,64119,1000010438,Payment Term,1.75,23900.00,13.0000,48.00,48,3333.34,Payment,,,422,40729.00,Estimated,Graduated,2020-10-22
Kenzie CIM,10014914,46226,1000011104,Payment Term,1.75,23900.00,13.0000,48.00,48,3333.34,Payment,,,147,50000.00,Reported,Graduated,2021-01-22
Kenzie CIM,10014978,02129,1000010599,Payment Term,1.75,23900.00,13.0000,48.00,48,3333.34,Deferment,,,0,,,Graduated,2020-10-22
Kenzie CIM,10015003,32763,1000010631,Payment Term,1.75,23900.00,13.0000,48.00,48,3333.34,Deferment,,,0,31073.00,Reported,Graduated,2020-10-22
Kenzie CIM,10015004,98362,1000010632,Payment Term,1.75,23900.00,13.0000,48.00,48,3333.34,Deferment,,,0,,,Graduated,2020-10-22
Kenzie CIM,10015005,46163,1000010633,Payment Term,1.75,23900.00,13.0000,48.00,48,3333.34,Deferment,,,0,29120.00,Reported,Graduated,2020-10-22
Kenzie CIM,10015167,46205,1000010791,Payment Term,1.75,23900.00,13.0000,48.00,48,3333.34,Deferment,,,0,23400.00,Reported,Graduated,2020-10-22
Kenzie CIM,10015168,37876,1000010794,Payment Term,1.75,23900.00,13.0000,48.00,48,3333.34,Payment,,,0,47000.00,Reported,Graduated,2020-10-22
Kenzie CIM,10015183,46235,1000010807,Payment Term,1.75,23900.00,13.0000,48.00,48,3333.34,Deferment,,,0,0.00,,Graduated,2020-10-22
Kenzie CIM,10015257,71112,1000010886,Payment Term,1.75,23900.00,13.0000,48.00,48,3333.34,Deferment,,,0,,,Graduated,2020-10-22
Kenzie CIM,10015328,07083,1000010941,Payment Term,1.75,23900.00,13.0000,48.00,48,3333.34,Payment,,,238,79145.00,Estimated,Graduated,2020-10-22
Kenzie CIM,10015357,06110,1000010974,Payment Term,1.75,23900.00,13.0000,48.00,48,3333.34,Deferment,,,0,,,Graduated,2021-01-28
Kenzie CIM,10015381,62704,1000011115,Payment Term,1.75,23900.00,13.0000,48.00,48,3333.34,Deferment,,,0,,,Graduated,2021-01-28
Kenzie CIM,10015430,78729,1000011048,Payment Term,1.75,23900.00,13.0000,48.00,48,3333.34,Payment,,,361,47091.00,Reported,Graduated,2020-10-22
Kenzie CIM,10015431,47712,1000011049,Payment Term,1.75,23900.00,13.0000,48.00,48,3333.34,Payment,,,177,60000.00,Reported,Graduated,2020-10-22
Kenzie CIM,10015495,46221,1000011186,Payment Term,1.75,13900.00,13.0000,28.00,48,3333.34,Payment,,,422,77701.00,Estimated,Graduated,2020-10-22
Kenzie CIM,10015525,46118,1000011216,Payment Term,1.75,23900.00,13.0000,48.00,48,3333.34,Deferment,,,0,35984.00,Reported,Graduated,2020-10-22
Kenzie CIM,10015543,54409,1000011235,Payment Term,1.75,23900.00,13.0000,48.00,48,3333.34,Deferment,,,0,23681.00,Reported,Graduated,2020-10-22
Kenzie CIM,10015608,33161,1000011303,Payment Term,1.75,23900.00,13.0000,48.00,48,3333.34,Deferment,,,0,0.00,,Graduated,2021-01-29
Kenzie CIM,10015632,46228,1000011325,Payment Term,1.75,18900.00,13.0000,38.00,48,3333.34,Deferment,,,0,23400.00,Reported,Graduated,2020-10-22
Kenzie CIM,10015658,77063,1000011353,Payment Term,1.75,23900.00,13.0000,48.00,48,3333.34,Deferment,,,0,15600.00,Reported,Graduated,2020-10-22
Kenzie CIM,10015676,46033,1000011371,Payment Term,1.75,23900.00,13.0000,48.00,48,3333.34,Deferment,,,0,32980.00,Reported,Graduated,2020-10-22
Kenzie CIM,10015706,46208,1000011401,Payment Term,1.75,23900.00,13.0000,48.00,48,3333.34,Deferment,,,0,7137.00,Reported,Graduated,2021-01-22
Kenzie CIM,10015736,48240,1000011437,Payment Term,1.75,23900.00,13.0000,48.00,48,3333.34,Deferment,,,0,31200.00,Reported,Graduated,2020-10-22
Kenzie CIM,10015741,48180,1000011445,Payment Term,1.75,23900.00,13.0000,48.00,48,3333.34,Payment,,,238,79145.00,Estimated,Graduated,2020-10-22
Kenzie CIM,10015754,11205,1000011462,Payment Term,1.75,23900.00,13.0000,48.00,48,3333.34,Deferment,,,0,0.00,,Graduated,2020-10-22
Kenzie CIM,10015792,56472,1000011501,Payment Term,1.75,23900.00,13.0000,48.00,48,3333.34,Payment,,,0,45000.00,Reported,Graduated,2021-01-28
Kenzie CIM,10015853,46227,1000011572,Payment Term,1.75,23900.00,13.0000,48.00,48,3333.34,Deferment,,,0,37440.00,Reported,Graduated,2020-10-22
Kenzie CIM,10015883,94538,1000011599,Payment Term,1.75,23900.00,13.0000,48.00,48,3333.34,Payment,,,0,51926.00,Reported,Graduated,2020-10-22
Kenzie CIM,10016103,27330,1000011817,Payment Term,1.75,23900.00,13.0000,48.00,48,3333.34,Payment,,,0,48533.00,Reported,Graduated,2021-01-29
Kenzie CIM,10016219,46142,1000011941,Payment Term,1.75,23900.00,13.0000,48.00,48,3333.34,Payment,,,0,44990.00,Reported,Graduated,2021-01-29
Kenzie CIM,10016253,28572,1000011990,Payment Term,1.75,23900.00,13.0000,48.00,48,3333.34,Deferment,,,0,,,Graduated,2021-01-29
Kenzie CIM,10016322,50219,1000012078,Payment Term,1.75,23900.00,13.0000,48.00,48,3333.34,Payment,,,238,42111.00,Estimated,Withdrew,2021-04-30
Kenzie CIM,10016364,43613,1000012123,Payment Term,1.75,23900.00,13.0000,48.00,48,3333.34,Closed,2022-02-06,Bankruptcy,238,42111.00,Estimated,Graduated,2021-04-30
Kenzie CIM,10016557,77027,1000012321,Payment Term,1.75,23900.00,13.0000,48.00,48,3333.34,Payment,,,147,86071.00,Reported,Graduated,2021-01-29
Kenzie CIM,10016589,94541,1000012354,Payment Term,1.75,23900.00,13.0000,48.00,48,3333.34,Payment,,,0,55000.00,Reported,Graduated,2021-04-30
Kenzie CIM,10016774,01129,1000012545,Payment Term,1.75,23900.00,13.0000,48.00,48,3333.34,Payment,,,238,79145.00,Estimated,Graduated,2021-04-30
Kenzie CIM,10016798,76114,1000012566,Payment Term,1.75,23900.00,13.0000,48.00,48,3333.34,Deferment,,,0,35006.00,Reported,Graduated,2021-04-30
Kenzie CIM,10016818,46201,1000012588,Payment Term,1.75,23900.00,13.0000,48.00,48,3333.34,Payment,,,0,63700.00,Reported,Graduated,2021-01-29
Kenzie CIM,10016925,48035,1000012711,Payment Term,1.75,23900.00,13.0000,48.00,48,3333.34,Deferment,,,0,35006.00,Reported,Graduated,2021-01-29
Kenzie CIM,10017102,46037,1000013093,Payment Term,1.75,23900.00,13.0000,48.00,48,3333.34,Deferment,,,0,,,Graduated,2021-01-29
Kenzie CIM,10017113,61455,1000013106,Payment Term,1.75,23900.00,13.0000,48.00,48,3333.34,Deferment,,,0,17160.00,Reported,Graduated,2021-04-30
Kenzie CIM,10017140,75243,1000013130,Payment Term,1.75,23900.00,13.0000,48.00,48,3333.34,Deferment,,,0,44990.00,Reported,Graduated,2021-01-29
Kenzie CIM,10017177,46227,1000013175,Payment Term,1.75,23900.00,13.0000,48.00,48,3333.34,Deferment,,,0,31014.00,Reported,Graduated,2021-01-29
Kenzie CIM,10017222,46203,1000013220,Payment Term,1.75,23900.00,13.0000,48.00,48,3333.34,Deferment,,,0,40000.00,Reported,Graduated,2021-04-30
Kenzie CIM,10017244,73119,1000013246,Payment Term,1.75,23900.00,13.0000,48.00,48,3333.34,Deferment,,,0,32240.00,Reported,Graduated,2021-04-30
Kenzie CIM,10017270,0,1000013278,Payment Term,1.75,23900.00,13.0000,48.00,48,3333.34,Payment,,,0,59935.00,Reported,Graduated,2021-01-29
Kenzie CIM,10017282,46239,1000013291,Payment Term,1.75,18900.00,13.0000,37.00,48,3333.34,Deferment,,,0,36852.00,Reported,Graduated,2021-01-29
Kenzie CIM,10017430,75052,1000013437,Payment Term,1.75,23900.00,13.0000,48.00,48,3333.34,Payment,,,238,79145.00,Estimated,Graduated,2021-01-29
Kenzie CIM,10017498,46016,1000013506,Payment Term,1.75,23900.00,13.0000,48.00,48,3333.34,Payment,,,330,40729.00,Estimated,Graduated,2021-01-29
Kenzie CIM,10017527,75650,1000013535,Payment Term,1.75,23900.00,13.0000,48.00,48,3333.34,Payment,,,238,79145.00,Estimated,Graduated,2021-04-30
Kenzie CIM,10017528,85013,1000013536,Payment Term,1.75,23900.00,13.0000,48.00,48,3333.34,Payment,,,57,42111.00,Estimated,Graduated,2021-04-30
Kenzie CIM,10017557,47401,1000013568,Payment Term,1.75,23900.00,13.0000,48.00,48,3333.34,Payment,,,0,45339.00,Reported,Graduated,2021-01-29
Kenzie CIM,10017560,23231,1000013570,Payment Term,1.75,23900.00,13.0000,48.00,48,3333.34,Deferment,,,0,31200.00,Reported,Graduated,2021-04-30
Kenzie CIM,10017643,11218,1000013662,Payment Term,1.75,23900.00,13.0000,48.00,48,3333.34,Deferment,,,0,36619.00,Reported,Graduated,2021-01-29
Kenzie CIM,10017651,46203,1000013669,Payment Term,1.75,23900.00,13.0000,48.00,48,3333.34,Deferment,,,0,38400.00,Reported,Graduated,2021-04-30
Kenzie CIM,10017667,94565,1000013685,Payment Term,1.75,23900.00,13.0000,48.00,48,3333.34,Deferment,,,0,,,Withdrew,2021-04-05
Kenzie CIM,10017704,27705,1000013718,Payment Term,1.75,23900.00,13.0000,48.00,48,3333.34,Payment,,,0,42111.00,Estimated,Graduated,2021-01-29
Kenzie CIM,10017755,72034,1000013771,Payment Term,1.75,23900.00,13.0000,48.00,48,3333.34,Deferment,,,0,35360.00,Reported,Graduated,2021-04-30
Kenzie CIM,10017756,70769,1000013772,Payment Term,1.75,23400.00,13.0000,47.00,48,3333.34,Payment,,,0,79145.00,Estimated,Graduated,2021-01-29
Kenzie CIM,10017760,46203,1000013776,Payment Term,1.75,23900.00,13.0000,48.00,48,3333.34,Payment,,,0,70000.00,Reported,Graduated,2021-01-29
Kenzie CIM,10017866,60656,1000013900,Payment Term,1.75,23900.00,13.0000,48.00,48,3333.34,Deferment,,,0,0.00,,Graduated,2021-01-29
Kenzie CIM,10017872,28025,1000013906,Payment Term,1.75,23900.00,13.0000,48.00,48,3333.34,Deferment,,,0,31200.00,Reported,Graduated,2021-01-29
Kenzie CIM,10017922,46226,1000013958,Payment Term,1.75,23900.00,13.0000,48.00,48,3333.34,Payment,,,208,55398.00,Reported,Graduated,2021-04-30
Kenzie CIM,10017989,46077,1000014024,Payment Term,1.75,23900.00,13.0000,48.00,48,3333.34,Deferment,,,0,34840.00,Reported,Graduated,2021-01-29
Kenzie CIM,10017997,46410,1000014034,Payment Term,1.75,23900.00,13.0000,48.00,48,3333.34,Payment,,,0,55500.00,Reported,Graduated,2021-01-29
Kenzie CIM,10018388,49015,1000014448,Payment Term,1.75,23900.00,13.0000,48.00,48,3333.34,Deferment,,,0,0.00,,Graduated,2021-10-29
Kenzie CIM,10018393,90505,1000014453,Payment Term,1.75,23900.00,13.0000,48.00,48,3333.34,Payment,,,0,45500.00,Reported,Graduated,2021-04-30
Kenzie CIM,10018394,33168,1000014454,Payment Term,1.75,23900.00,13.0000,48.00,48,3333.34,Deferment,,,0,13000.00,Reported,Graduated,2021-04-30
Kenzie CIM,10018404,28147,1000014463,Payment Term,1.75,23900.00,13.0000,48.00,48,3333.34,Deferment,,,0,14976.00,Reported,Withdrew,2021-04-28
Kenzie CIM,10018459,94533,1000014517,Payment Term,1.75,14340.00,13.0000,28.00,48,3333.34,Payment,,,116,79145.00,Estimated,Withdrew,2021-01-27
Kenzie CIM,10018653,75402,1000014701,Payment Term,1.75,23900.00,13.0000,48.00,48,3333.34,Deferment,,,0,,,Graduated,2021-10-29
Kenzie CIM,10018711,92867,1000014773,Payment Term,1.75,23900.00,13.0000,48.00,48,3333.34,Deferment,,,0,15028.00,Reported,Graduated,2021-04-30
Kenzie CIM,10018748,01843,1000014809,Payment Term,1.75,23900.00,13.0000,48.00,48,3333.34,Deferment,,,0,0.00,,Graduated,2021-04-30
Kenzie CIM,10018767,46260,1000014833,Payment Term,1.75,18000.00,13.0000,36.00,48,3333.34,Deferment,,,0,0.00,,Graduated,2021-04-30
Kenzie CIM,10018797,46260,1000014860,Payment Term,1.75,23900.00,13.0000,48.00,48,3333.34,Payment,,,0,79145.00,Estimated,Graduated,2021-04-30
Kenzie CIM,10018817,15401,1000014882,Payment Term,1.75,23900.00,13.0000,48.00,48,3333.34,Deferment,,,0,0.00,,Graduated,2021-04-30
Kenzie CIM,10018823,48228,1000014888,Payment Term,1.75,23900.00,13.0000,48.00,48,3333.34,Payment,,,0,41389.00,Reported,Graduated,2021-04-30
Kenzie CIM,10018871,46227,1000014939,Payment Term,1.75,23900.00,13.0000,48.00,48,3333.34,Payment,,,0,78200.00,Reported,Graduated,2021-04-30
Kenzie CIM,10018882,48239,1000014950,Payment Term,1.75,23900.00,13.0000,48.00,48,3333.34,Payment,,,177,50760.00,Reported,Graduated,2021-04-30
Kenzie CIM,10018941,67152,1000015014,Payment Term,1.75,23900.00,13.0000,48.00,48,3333.34,Deferment,,,0,40000.00,Reported,Graduated,2021-04-30
Kenzie CIM,10018958,78748,1000015029,Payment Term,1.75,23900.00,13.0000,48.00,48,3333.34,Deferment,,,0,18811.00,Reported,Graduated,2021-04-30
Kenzie CIM,10019021,28027,1000016983,Payment Term,1.75,23900.00,13.0000,48.00,48,3333.34,Payment,,,71,56992.00,Reported,Graduated,2021-04-30
Kenzie CIM,10019033,45822,1000015109,Payment Term,1.75,23900.00,13.0000,48.00,48,3333.34,Deferment,,,0,0.00,,Graduated,2021-04-30
Kenzie CIM,10019085,94534,1000015163,Payment Term,1.75,23900.00,13.0000,48.00,48,3333.34,Deferment,,,0,,,Graduated,2021-04-30
Kenzie CIM,10019191,46241,1000015269,Payment Term,1.75,23900.00,13.0000,48.00,48,3333.34,Payment,,,0,66528.00,Reported,Graduated,2021-04-30
Kenzie CIM,10019230,47714,1000015317,Payment Term,1.75,11950.00,13.0000,24.00,48,3333.34,Payment,,,26,77600.00,Reported,Withdrew,2020-11-06
Kenzie CIM,10019245,33534,1000015331,Payment Term,1.75,23900.00,13.0000,48.00,48,3333.34,Deferment,,,0,55000.00,Reported,Graduated,2021-04-30
Kenzie CIM,10019274,30032,1000015363,Payment Term,1.75,11950.00,13.0000,24.00,48,3333.34,Deferment,,,0,35360.00,Reported,Withdrew,2020-11-30
Kenzie CIM,10019282,33178,1000015368,Payment Term,1.75,23900.00,13.0000,48.00,48,3333.34,Payment,,,43,41538.00,Reported,Graduated,2021-04-30
Kenzie CIM,10019308,07093,1000015394,Payment Term,1.75,23900.00,13.0000,48.00,48,3333.34,Deferment,,,0,4000.00,Reported,Graduated,2021-04-30
Kenzie CIM,10019409,15210,1000015511,Payment Term,1.75,23900.00,13.0000,48.00,48,3333.34,Payment,,,26,65000.00,Reported,Graduated,2021-04-30
Kenzie CIM,10019417,98391,1000015520,Payment Term,1.75,23900.00,13.0000,48.00,48,3333.34,Deferment,,,0,31200.00,Reported,Graduated,2021-07-30
Kenzie CIM,10019425,32082,1000015529,Payment Term,1.75,23900.00,13.0000,48.00,48,3333.34,Deferment,,,0,16632.00,Reported,Graduated,2021-04-30
Kenzie CIM,10019519,84319,1000015634,Payment Term,1.75,23900.00,13.0000,48.00,48,3333.34,Deferment,,,0,31434.00,Reported,Graduated,2021-04-30
Kenzie CIM,10019520,07063,1000015636,Payment Term,1.75,23900.00,13.0000,48.00,48,3333.34,Payment,,,57,84043.00,Reported,Graduated,2021-04-30
Kenzie CIM,10019543,11226,1000015663,Payment Term,1.75,23900.00,13.0000,48.00,48,3333.34,Payment,,,0,62000.00,Reported,Graduated,2021-04-30
Kenzie CIM,10019756,10027,1000015901,Payment Term,1.75,23900.00,13.0000,48.00,48,3333.34,Deferment,,,0,8580.00,Reported,Graduated,2021-04-30
Kenzie CIM,10019793,29403,1000015938,Payment Term,1.75,23900.00,13.0000,48.00,48,3333.34,Payment,,,41,49529.00,Reported,Graduated,2021-04-30
Kenzie CIM,10019795,60629,1000015940,Payment Term,1.75,23900.00,13.0000,48.00,48,3333.34,Deferment,,,0,20069.00,Reported,Graduated,2021-04-30
Kenzie CIM,10019822,46037,1000015970,Payment Term,1.75,23900.00,13.0000,48.00,48,3333.34,Payment,,,0,45500.00,Reported,Graduated,2021-04-30
Kenzie CIM,10019917,95206,1000016066,Payment Term,1.75,23900.00,13.0000,48.00,48,3333.34,Payment,,,0,85000.00,Reported,Graduated,2021-04-30
Kenzie CIM,10019958,70506,1000016108,Payment Term,1.75,21500.00,13.0000,43.00,48,3333.34,Deferment,,,0,,,Graduated,2021-04-30
Kenzie CIM,10020262,30060,1000016442,Payment Term,1.75,23900.00,13.0000,48.00,48,3333.34,Deferment,,,0,29922.00,Reported,Graduated,2021-04-30
Kenzie CIM,10020264,43068,1000016445,Payment Term,1.75,23900.00,13.0000,48.00,48,3333.34,Deferment,,,0,,,Graduated,2021-04-30
Kenzie CIM,10020266,60403,1000016447,Payment Term,1.75,23900.00,13.0000,48.00,48,3333.34,Deferment,,,0,,,Graduated,2021-04-30
Kenzie CIM,10020345,02148,1000016531,Payment Term,1.75,23900.00,13.0000,48.00,48,3333.34,Deferment,,,0,27300.00,Reported,Graduated,2021-04-30
Kenzie CIM,10020362,08527,1000016546,Payment Term,1.75,23900.00,13.0000,48.00,48,3333.34,Payment,,,147,79145.00,Estimated,Graduated,2021-07-30
Kenzie CIM,10020422,32839,1000016611,Payment Term,1.75,23900.00,13.0000,48.00,48,3333.34,Deferment,,,0,,,Graduated,2021-04-30
Kenzie CIM,10020445,30083,1000016634,Payment Term,1.75,23900.00,13.0000,48.00,48,3333.34,Deferment,,,0,37440.00,Reported,Graduated,2021-04-30
Kenzie CIM,10020448,46077,1000016636,Payment Term,1.75,11950.00,13.0000,24.00,48,3333.34,Deferment,,,0,24000.00,Reported,Withdrew,2020-08-06
Kenzie CIM,10020458,46228,1000016645,Payment Term,1.75,23900.00,13.0000,48.00,48,3333.34,Payment,,,238,64480.00,Reported,Graduated,2021-04-30
Kenzie CIM,10020465,75010,1000016652,Payment Term,1.75,23900.00,13.0000,48.00,48,3333.34,Payment,,,0,49982.00,Reported,Graduated,2021-04-30
Kenzie CIM,10020511,93536,1000016713,Payment Term,1.75,23900.00,13.0000,48.00,48,3333.34,Payment,,,0,59987.00,Reported,Graduated,2021-04-30
Kenzie CIM,10020593,60005,1000016809,Payment Term,1.75,23900.00,13.0000,48.00,48,3333.34,Deferment,,,0,18460.00,Reported,Graduated,2021-07-30
Kenzie CIM,10020609,46074,1000016830,Payment Term,1.75,23900.00,13.0000,48.00,48,3333.34,Payment,,,0,50052.00,Reported,Graduated,2021-04-30
Kenzie CIM,10020615,10031,1000016836,Payment Term,1.75,23900.00,13.0000,48.00,48,3333.34,Deferment,,,0,0.00,,Graduated,2021-04-30
Kenzie CIM,10020709,75070,1000016940,Payment Term,1.75,23900.00,13.0000,48.00,48,3333.34,Deferment,,,0,0.00,,Graduated,2021-04-30
Kenzie CIM,10020725,33687,1000016961,Payment Term,1.75,23900.00,13.0000,48.00,48,3333.34,Deferment,,,0,0.00,,Graduated,2021-04-30
Kenzie CIM,10020743,60469,1000016981,Payment Term,1.75,23900.00,13.0000,48.00,48,3333.34,Payment,,,57,79145.00,Estimated,Graduated,2021-07-30
Kenzie CIM,10020776,85208,1000017018,Payment Term,1.75,23900.00,13.0000,48.00,48,3333.34,Deferment,,,0,0.00,,Graduated,2021-04-30
Kenzie CIM,10035588,46229,1000010394,Payment Term,1.75,23900.00,13.0000,48.00,48,3333.34,Payment,,,0,85000.00,Reported,Graduated,2020-10-22
Kenzie HOPE,10007239,46202,1000002217,Payment Term,1.75,23000.00,13.0000,48.00,48,3333.34,Payment,,,1061,99000.00,Estimated,Withdrew,2019-01-14
Kenzie HOPE,10007245,46160,1000002223,Payment Term,1.75,13800.00,13.0000,29.00,48,3333.34,Deferment,,,0,0.00,,Withdrew,2018-09-06
Kenzie HOPE,10007593,46074,1000003772,Payment Term,1.75,19000.00,13.0000,36.00,36,3333.34,Pending Reconciliation,,,0,68050.00,Reported,Graduated,2018-09-14
Kenzie HOPE,10007597,46256,1000002590,Payment Term,2.50,19000.00,17.5000,36.00,36,3333.34,Closed,2018-10-10,Write off,0,0.00,,,
Kenzie HOPE,10008201,46250,1000003265,Payment Term,1.75,23000.00,13.0000,48.00,48,3333.34,Payment,,,0,66213.00,Reported,Graduated,2019-08-05
Kenzie HOPE,10008203,46143,1000003267,Payment Term,1.75,23000.00,13.0000,48.00,48,3333.34,Deferment,,,0,39431.00,Reported,Withdrew,2019-03-26
Kenzie HOPE,10008207,47909,1000003271,Payment Term,1.75,5750.00,13.0000,12.00,48,3333.34,Deferment,,,0,,,Withdrew,2018-09-04
Kenzie HOPE,10008208,46032,1000003272,Payment Term,1.75,12000.00,13.0000,25.00,25,3333.34,Closed,2020-01-15,Write off,0,0.00,,,2020-07-10
Kenzie HOPE,10008211,46227,1000003275,Payment Term,1.75,23000.00,13.0000,48.00,48,3333.34,Payment,,,0,40143.00,Reported,Withdrew,2019-06-11
Kenzie HOPE,10008290,46227,1000003348,Payment Term,1.75,23000.00,13.0000,48.00,48,3333.34,Payment,,,1000,99000.00,Estimated,Withdrew,2019-03-26
Kenzie HOPE,10008301,46226,1000003364,Payment Term,1.75,23000.00,13.0000,48.00,48,3333.34,Payment,,,1000,99000.00,Estimated,Withdrew,2019-03-26
Kenzie HOPE,10009321,46235,1000011825,Payment Term,1.75,12000.00,13.0000,25.00,48,3333.34,Payment,,,147,42111.00,Estimated,Graduated,2020-09-04
Kenzie HOPE,10009543,46970,1000005406,Payment Term,1.75,23900.00,13.0000,48.00,48,3333.34,Deferment,,,0,,,Withdrew,2020-03-27
Kenzie HOPE,10009565,46254,1000005372,Payment Term,1.75,13400.00,13.0000,25.00,25,3333.34,Deferment,,,0,30958.00,Reported,Graduated,2019-07-19
Kenzie HOPE,10009583,46268,1000004722,Payment Term,1.75,23000.00,13.0000,48.00,48,3333.34,Deferment,,,0,0.00,,Withdrew,2019-09-30
Kenzie HOPE,10009585,46143,1000004724,Payment Term,1.75,11500.00,13.0000,24.00,48,3333.34,Deferment,,,0,37648.00,Reported,Withdrew,2019-02-01
Kenzie HOPE,10009587,46222,1000004726,Payment Term,1.75,5750.00,13.0000,12.00,48,3333.34,Deferment,,,0,10400.00,Reported,Withdrew,2018-11-13
Kenzie HOPE,10009591,47374,1000004730,Payment Term,1.75,23000.00,13.0000,48.00,48,3333.34,Deferment,,,0,22906.00,Reported,Withdrew,2019-05-03
Kenzie HOPE,10009620,46268,1000004753,Payment Term,1.75,23000.00,13.0000,48.00,48,3333.34,Payment,,,847,99000.00,Estimated,Withdrew,2019-08-07
Kenzie HOPE,10010096,46237,1000005203,Payment Term,1.75,5975.00,13.0000,12.00,48,3333.34,Payment,,,57,79145.00,Estimated,Withdrew,2019-04-18
Kenzie HOPE,10010099,46239,1000005206,Payment Term,1.75,23900.00,13.0000,48.00,48,3333.34,Payment,,,269,55000.00,Reported,Graduated,2020-02-24
Kenzie HOPE,10010100,46385,1000005207,Payment Term,1.75,3000.00,13.0000,6.00,48,3333.34,Deferment,,,0,0.00,,Withdrew,2019-02-25
Kenzie HOPE,10010102,46268,1000006885,Payment Term,1.75,13400.00,13.0000,25.00,25,3333.34,Payment,,,147,54963.00,Estimated,Graduated,2020-01-23
Kenzie HOPE,10010103,80247,1000005210,Payment Term,1.75,23900.00,13.0000,48.00,48,3333.34,Payment,,,816,99000.00,Estimated,Graduated,2019-09-27
Kenzie HOPE,10010106,01922,1000005563,Payment Term,1.75,11950.00,13.0000,24.00,48,3333.34,Payment,,,878,99000.00,Estimated,Withdrew,2019-07-29
Kenzie HOPE,10010109,46224,1000005216,Payment Term,1.75,23900.00,13.0000,48.00,48,3333.34,Payment,,,787,99000.00,Estimated,Withdrew,2019-10-02
Kenzie HOPE,10010110,46143,1000008127,Payment Term,1.75,5975.00,13.0000,12.00,48,3333.34,Payment,,,542,90000.00,Estimated,Withdrew,2019-10-10
Kenzie HOPE,10010111,46350,1000011595,Payment Term,1.75,23900.00,13.0000,48.00,48,3333.34,Payment,,,147,79145.00,Estimated,Graduated,2021-07-30
Kenzie HOPE,10010112,46278,1000005564,Payment Term,1.75,11950.00,13.0000,24.00,48,3333.34,Payment,,,300,77701.00,Estimated,Withdrew,2019-06-27
Kenzie HOPE,10010115,46017,1000005222,Payment Term,1.75,23900.00,13.0000,48.00,48,3333.34,Payment,,,0,55000.00,Reported,Graduated,2020-07-10
Kenzie HOPE,10010187,46222,1000005294,Payment Term,1.75,23900.00,13.0000,48.00,48,3333.34,Deferment,,,0,,,Graduated,2020-09-28
Kenzie HOPE,10010193,46268,1000005566,Payment Term,1.75,23900.00,13.0000,48.00,48,3333.34,Deferment,,,0,37440.00,Reported,Withdrew,2019-10-16
Kenzie HOPE,10010198,46221,1000005568,Payment Term,1.75,14340.00,13.0000,29.00,48,3333.34,Deferment,,,0,,,Withdrew,2019-09-05
Kenzie HOPE,10010200,46052,1000005307,Payment Term,1.75,23900.00,13.0000,48.00,48,3333.34,Payment,,,512,90000.00,Estimated,Withdrew,2019-12-10
Kenzie HOPE,10010202,47725,1000005309,Payment Term,1.75,5975.00,13.0000,12.00,48,3333.34,Deferment,,,0,,,Withdrew,2019-04-20
Kenzie HOPE,10010203,46037,1000005310,Payment Term,1.75,23900.00,13.0000,48.00,48,3333.34,Payment,,,816,99000.00,Estimated,Withdrew,2019-09-16
Kenzie HOPE,10010204,60622,1000005311,Payment Term,1.75,23900.00,13.0000,48.00,48,3333.34,Payment,,,756,99000.00,Estimated,Withdrew,2019-11-01
Kenzie HOPE,10010206,46260,1000005313,Payment Term,1.75,11950.00,13.0000,24.00,48,3333.34,Payment,,,878,99000.00,Estimated,Withdrew,2019-07-15
Kenzie HOPE,10010260,60625,1000005362,Payment Term,1.75,23900.00,13.0000,48.00,48,3333.34,Deferment,,,0,37940.00,Reported,Withdrew,2019-10-09
Kenzie HOPE,10010261,46201,1000005363,Payment Term,1.75,13400.00,13.0000,25.00,25,3333.34,Payment,,,361,57750.00,Reported,Graduated,2019-07-19
Kenzie HOPE,10010264,46123,1000005366,Payment Term,1.75,13400.00,13.0000,25.00,25,3333.34,Deferment,,,0,0.00,,Withdrew,2019-07-29
Kenzie HOPE,10010266,45040,1000005368,Payment Term,1.75,13400.00,13.0000,25.00,25,3333.34,Deferment,,,0,36662.00,Reported,Graduated,2019-07-19
Kenzie HOPE,10010267,46237,1000005369,Payment Term,1.75,13400.00,13.0000,25.00,25,3333.34,Payment,,,26,54963.00,Estimated,Graduated,2019-07-19
Kenzie HOPE,10010301,46220,1000005581,Payment Term,1.75,11950.00,13.0000,24.00,48,3333.34,Deferment,,,0,,,Withdrew,2019-06-10
Kenzie HOPE,10010723,46038,1000006700,Payment Term,1.75,23900.00,13.0000,48.00,48,3333.34,Payment,,,116,79145.00,Estimated,Graduated,2020-07-23
Kenzie HOPE,10010725,90045,1000005856,Payment Term,1.75,23900.00,13.0000,48.00,48,3333.34,Payment,,,0,40284.00,Reported,Withdrew,2020-03-09
Kenzie HOPE,10010768,46202,1000005894,Payment Term,1.75,12900.00,13.0000,25.00,48,3333.34,Deferment,,,0,,,Graduated,2021-01-22
Kenzie HOPE,10010790,46142,1000005911,Payment Term,1.75,23900.00,13.0000,48.00,48,3333.34,Payment,,,481,90000.00,Estimated,Withdrew,2020-08-06
Kenzie HOPE,10010867,46214,1000005985,Payment Term,1.75,14340.00,13.0000,29.00,48,3333.34,Deferment,,,0,0.00,,Withdrew,2019-12-03
Kenzie HOPE,10010874,46815,1000005991,Payment Term,1.75,23900.00,13.0000,48.00,48,3333.34,Deferment,,,0,28080.00,Reported,Withdrew,2020-01-15
Kenzie HOPE,10010900,64030,1000006015,Payment Term,1.75,11950.00,13.0000,24.00,48,3333.34,Deferment,,,0,,,Withdrew,2019-10-21
Kenzie HOPE,10010902,46034,1000006017,Payment Term,1.75,11950.00,13.0000,24.00,48,3333.34,Payment,,,26,79145.00,Estimated,Withdrew,2019-10-09
Kenzie HOPE,10010906,46224,1000006019,Payment Term,1.75,4725.00,13.0000,9.00,48,3333.34,Payment,,,391,77701.00,Estimated,Withdrew,2019-07-18
Kenzie HOPE,10010939,95110,1000006057,Payment Term,1.75,11950.00,13.0000,24.00,48,3333.34,Deferment,,,0,,,Withdrew,2020-01-17
Kenzie HOPE,10010959,47909,1000006956,Payment Term,1.75,13400.00,13.0000,25.00,25,3333.34,Closed,2019-11-10,Write off,0,0.00,,Withdrew,2019-11-11
Kenzie HOPE,10011023,60608,1000008266,Payment Term,1.75,23900.00,13.0000,48.00,48,3333.34,Payment,,,481,90000.00,Estimated,Withdrew,2020-08-28
Kenzie HOPE,10011038,46012,1000006141,Payment Term,1.75,13400.00,13.0000,25.00,25,3333.34,Payment,,,0,44048.00,Reported,Graduated,2019-10-18
Kenzie HOPE,10011041,46804,1000006145,Payment Term,1.75,13400.00,13.0000,25.00,25,3333.34,Payment,,,85,54963.00,Estimated,Withdrew,2019-09-16
Kenzie HOPE,10011060,46201,1000006164,Payment Term,1.75,11950.00,13.0000,24.00,48,3333.34,Payment,,,0,42432.00,Reported,Withdrew,2019-10-16
Kenzie HOPE,10011061,16801,1000006165,Payment Term,1.75,12900.00,13.0000,24.00,25,3333.34,Payment,,,26,53178.00,Estimated,Graduated,2019-10-18
Kenzie HOPE,10011085,46218,1000006188,Payment Term,1.75,13400.00,13.0000,25.00,25,3333.34,Payment,,,147,54963.00,Estimated,Graduated,2019-10-18
Kenzie HOPE,10011086,46202,1000006189,Payment Term,1.75,13400.00,13.0000,25.00,25,3333.34,Closed,2019-10-16,Forgiven,0,0.00,,,2020-04-16
Kenzie HOPE,10011092,46201,1000006194,Payment Term,1.75,5975.00,13.0000,12.00,48,3333.34,Payment,,,665,99000.00,Estimated,Withdrew,2020-02-04
Kenzie HOPE,10011094,77630,1000006197,Payment Term,1.75,3350.00,13.0000,6.00,25,3333.34,Payment,,,925,99000.00,Estimated,Withdrew,2019-05-24
Kenzie HOPE,10011097,50036,1000006199,Payment Term,1.75,13400.00,13.0000,25.00,25,3333.34,Payment,,,0,49176.00,Reported,Graduated,2020-01-23
Kenzie HOPE,10011121,46260,1000006223,Payment Term,1.75,23900.00,13.0000,48.00,48,3333.34,Deferment,,,0,0.00,,Withdrew,2020-10-23
Kenzie HOPE,10011126,46201,1000006229,Payment Term,1.75,23900.00,13.0000,48.00,48,3333.34,Payment,,,0,75000.00,Reported,Graduated,2020-09-10
Kenzie HOPE,10011136,46260,1000006241,Payment Term,1.75,23900.00,13.0000,48.00,48,3333.34,Payment,,,512,90000.00,Estimated,Graduated,2020-07-23
Kenzie HOPE,10011153,77003,1000006255,Payment Term,1.75,23900.00,13.0000,48.00,48,3333.34,Payment,,,26,42111.00,Estimated,Graduated,2020-09-10
Kenzie HOPE,10011157,46268,1000006258,Payment Term,1.75,13400.00,13.0000,25.00,25,3333.34,Deferment,,,0,,,Graduated,2019-10-18
Kenzie HOPE,10011204,97229,1000006309,Payment Term,1.75,23400.00,13.0000,47.00,48,3333.34,Deferment,,,0,24486.00,Reported,Graduated,2020-04-24
Kenzie HOPE,10011235,46580,1000006341,Payment Term,1.75,13400.00,13.0000,25.00,25,3333.34,Closed,2022-04-03,Write off,238,65281.00,Reported,Withdrew,2019-09-24
Kenzie HOPE,10011236,60561,1000006343,Payment Term,1.75,11950.00,13.0000,24.00,48,3333.34,Payment,,,238,42111.00,Estimated,Withdrew,2020-02-05
Kenzie HOPE,10011248,46229,1000006361,Payment Term,1.75,23900.00,13.0000,48.00,48,3333.34,Payment,,,300,79145.00,Estimated,Graduated,2020-06-26
Kenzie HOPE,10011270,64119,1000006382,Payment Term,1.75,3000.00,13.0000,6.00,25,3333.34,Payment,,,0,42111.00,Estimated,Withdrew,2019-07-17
Kenzie HOPE,10011303,91706,1000006412,Payment Term,1.75,5975.00,13.0000,12.00,48,3333.34,Payment,,,391,77701.00,Estimated,Withdrew,2019-06-24
Kenzie HOPE,10011306,46219,1000006415,Payment Term,1.75,13400.00,13.0000,25.00,25,3333.34,Deferment,,,0,36200.00,Reported,Graduated,2019-10-18
Kenzie HOPE,10011321,90505,1000006430,Payment Term,1.75,13400.00,13.0000,25.00,25,3333.34,Dispute,,,177,56160.00,Reported,Graduated,2019-10-18
Kenzie HOPE,10011377,30253,1000006539,Payment Term,1.75,12900.00,13.0000,24.00,25,3333.34,Deferment,,,0,0.00,,Graduated,2019-10-18
Kenzie HOPE,10011394,46060,1000006509,Payment Term,1.75,23900.00,13.0000,48.00,48,3333.34,Payment,,,269,79145.00,Estimated,Graduated,2020-09-10
Kenzie HOPE,10011406,97305,1000006524,Payment Term,1.75,14340.00,13.0000,29.00,48,3333.34,Payment,,,361,77701.00,Estimated,Withdrew,2019-12-10
Kenzie HOPE,10011413,27560,1000006527,Payment Term,1.75,11450.00,13.0000,23.00,48,3333.34,Payment,,,847,99000.00,Estimated,Withdrew,2019-08-07
Kenzie HOPE,10011428,46037,1000006541,Payment Term,1.75,23900.00,13.0000,48.00,48,3333.34,Payment,,,0,58790.00,Reported,Graduated,2020-10-23
Kenzie HOPE,10011440,46224,1000006555,Payment Term,1.75,23900.00,13.0000,48.00,48,3333.34,Deferment,,,0,35594.00,Reported,Withdrew,2020-04-16
Kenzie HOPE,10011458,46237,1000006573,Payment Term,1.75,18400.00,13.0000,37.00,48,3333.34,Payment,,,147,79145.00,Estimated,Graduated,2020-07-23
Kenzie HOPE,10011536,47803,1000006666,Payment Term,1.75,23400.00,13.0000,47.00,48,3333.34,Deferment,,,0,,,Graduated,2020-10-22
Kenzie HOPE,10011547,46237,1000006892,Payment Term,1.75,11500.00,13.0000,24.00,25,3333.34,Deferment,,,0,35949.00,Reported,Graduated,2020-07-23
Kenzie HOPE,10011551,21215,1000006682,Payment Term,1.75,23400.00,13.0000,47.00,48,3333.34,Deferment,,,0,,,Withdrew,2020-03-12
Kenzie HOPE,10011562,46933,1000006698,Payment Term,1.75,23900.00,13.0000,48.00,48,3333.34,Payment,,,12,55000.00,Reported,Graduated,2020-07-23
Kenzie HOPE,10011579,46965,1000006834,Payment Term,1.75,23400.00,13.0000,47.00,48,3333.34,Deferment,,,0,37291.00,Reported,Graduated,2020-07-23
Kenzie HOPE,10011580,46062,1000008951,Payment Term,1.75,5975.00,13.0000,12.00,48,3333.34,Payment,,,695,99000.00,Estimated,Withdrew,2020-01-27
Kenzie HOPE,10011613,92806,1000006901,Payment Term,1.75,5475.00,13.0000,11.00,48,3333.34,Deferment,,,0,,,Withdrew,2019-10-03
Kenzie HOPE,10011654,46113,1000006948,Payment Term,1.75,23900.00,13.0000,48.00,48,3333.34,Deferment,,,0,9880.00,Reported,Graduated,2021-01-22
Kenzie HOPE,10011687,46259,1000006990,Payment Term,1.75,23900.00,13.0000,48.00,48,3333.34,Deferment,,,0,,,Withdrew,2020-10-07
Kenzie HOPE,10011766,46052,1000007085,Payment Term,1.75,17900.00,13.0000,36.00,48,3333.34,Deferment,,,0,27040.00,Reported,Withdrew,2020-10-19
Kenzie HOPE,10011802,49504,1000007129,Payment Term,1.75,5975.00,13.0000,12.00,48,3333.34,Deferment,,,0,32864.00,Reported,Withdrew,2019-10-08
Kenzie HOPE,10011803,46032,1000007130,Payment Term,1.75,11950.00,13.0000,24.00,48,3333.34,Payment,,,0,44041.00,Reported,Withdrew,2020-04-23
Kenzie HOPE,10011814,29512,1000008203,Payment Term,1.75,23900.00,13.0000,48.00,48,3333.34,Deferment,,,0,39782.00,Reported,Graduated,2020-07-23
Kenzie HOPE,10012228,23320,1000007562,Payment Term,1.75,13400.00,13.0000,25.00,48,3333.34,Payment,,,695,99000.00,Estimated,Graduated,2020-01-23
Kenzie HOPE,10012230,46205,1000007564,Payment Term,1.75,13400.00,13.0000,25.00,48,3333.34,Closed,2019-11-10,Write off,0,0.00,,Withdrew,2019-11-11
Kenzie HOPE,10012231,28105,1000007565,Payment Term,1.75,8040.00,13.0000,15.00,48,3333.34,Deferment,,,0,,,Withdrew,2019-11-04
Kenzie HOPE,10012237,46250,1000007571,Payment Term,1.75,23900.00,13.0000,48.00,48,3333.34,Deferment,,,0,0.00,,Withdrew,2020-06-18
Kenzie HOPE,10012242,17889-8894,1000007576,Payment Term,1.75,11950.00,13.0000,24.00,48,3333.34,Payment,,,85,42111.00,Estimated,Withdrew,2020-01-17
Kenzie HOPE,10012250,46201,1000007582,Payment Term,1.75,11950.00,13.0000,24.00,48,3333.34,Closed,2022-02-11,Bankruptcy,0,0.00,,Withdrew,2020-01-17
Kenzie HOPE,10012254,46219,1000007588,Payment Term,1.75,12000.00,13.0000,25.00,48,3333.34,Deferment,,,0,6188.00,Reported,Graduated,2021-01-29
Kenzie HOPE,10012255,92056,1000007589,Payment Term,1.75,14340.00,13.0000,28.00,48,3333.34,Deferment,,,0,22620.00,Reported,Withdrew,2020-02-21
Kenzie HOPE,10012259,46016,1000007595,Payment Term,1.75,14340.00,13.0000,28.00,48,3333.34,Deferment,,,0,,,Withdrew,2020-02-21
Kenzie HOPE,10012260,46074,1000007596,Payment Term,1.75,9450.00,13.0000,19.00,48,3333.34,Payment,,,695,99000.00,Estimated,Withdrew,2020-01-06
Kenzie HOPE,10012271,32303,1000007611,Payment Term,1.75,14340.00,13.0000,28.00,48,3333.34,Payment,,,481,90000.00,Estimated,Withdrew,2020-02-06
Kenzie HOPE,10012273,47909,1000007761,Payment Term,1.75,13400.00,13.0000,25.00,48,3333.34,Closed,2019-11-10,Write off,0,0.00,,Withdrew,2019-11-11
Kenzie HOPE,10012287,46122,1000007628,Payment Term,1.75,4725.00,13.0000,10.00,48,3333.34,Deferment,,,0,28808.00,Reported,Withdrew,2020-01-09
Kenzie HOPE,10012290,65202,1000007631,Payment Term,1.75,11950.00,13.0000,24.00,48,3333.34,Deferment,,,0,,,Withdrew,2020-03-03
Kenzie HOPE,10012299,46201,1000007640,Payment Term,1.75,6950.00,13.0000,14.00,48,3333.34,Deferment,,,0,24960.00,Reported,Withdrew,2020-04-23
Kenzie HOPE,10012329,46151,1000007674,Payment Term,1.75,18900.00,13.0000,38.00,48,3333.34,Deferment,,,0,40000.00,Reported,Graduated,2020-10-23
Kenzie HOPE,10012355,20653,1000007694,Payment Term,1.75,23900.00,13.0000,48.00,48,3333.34,Payment,,,85,79145.00,Estimated,Graduated,2020-07-23
Kenzie HOPE,10012356,46268,1000007695,Payment Term,1.75,13400.00,13.0000,25.00,48,3333.34,Payment,,,512,90000.00,Estimated,Graduated,2020-01-23
Kenzie HOPE,10012360,33558,1000007699,Payment Term,1.75,23900.00,13.0000,48.00,48,3333.34,Payment,,,0,42111.00,Estimated,Graduated,2020-10-22
Kenzie HOPE,10012362,75061,1000007701,Payment Term,1.75,23900.00,13.0000,48.00,48,3333.34,Payment,,,330,77701.00,Estimated,Graduated,2020-10-22
Kenzie HOPE,10012367,46218,1000007707,Payment Term,1.75,4725.00,13.0000,10.00,48,3333.34,Payment,,,422,77701.00,Estimated,Withdrew,2019-10-29
Kenzie HOPE,10012368,46203,1000007708,Payment Term,1.75,3475.00,13.0000,7.00,48,3333.34,Payment,,,695,99000.00,Estimated,Withdrew,2020-01-27
Kenzie HOPE,10012371,46220,1000007711,Payment Term,1.75,5975.00,13.0000,12.00,48,3333.34,Payment,,,300,77701.00,Estimated,Withdrew,2020-02-04
Kenzie HOPE,10012375,46140,1000007715,Payment Term,1.75,6975.00,13.0000,14.00,48,3333.34,Deferment,,,0,39520.00,Reported,Withdrew,2020-03-17
Kenzie HOPE,10012398,33025,1000011248,Payment Term,1.75,23900.00,13.0000,48.00,48,3333.34,Deferment,,,0,0.00,,Graduated,2021-01-29
Kenzie HOPE,10012441,11729,1000007790,Payment Term,1.75,11950.00,13.0000,24.00,48,3333.34,Deferment,,,0,,,Withdrew,2020-01-17
Kenzie HOPE,10012497,75050,1000007861,Payment Term,1.75,5975.00,13.0000,12.00,48,3333.34,Deferment,,,0,37440.00,Reported,Withdrew,2019-10-07
Kenzie HOPE,10012500,35404,1000007866,Payment Term,1.75,23900.00,13.0000,48.00,48,3333.34,Payment,,,71,83200.00,Reported,Graduated,2020-07-23
Kenzie HOPE,10012527,22408,1000007899,Payment Term,1.75,11900.00,13.0000,24.00,48,3333.34,Deferment,,,0,3619.00,Reported,Withdrew,2020-08-05
Kenzie HOPE,10012531,46208,1000007903,Payment Term,1.75,4725.00,13.0000,10.00,48,3333.34,Payment,,,665,99000.00,Estimated,Withdrew,2019-10-18
Kenzie HOPE,10012567,31030,1000007939,Payment Term,1.75,23900.00,13.0000,48.00,48,3333.34,Payment,,,0,65278.00,Reported,Graduated,2020-07-24
Kenzie HOPE,10012580,21212,1000011110,Payment Term,1.75,11950.00,13.0000,24.00,48,3333.34,Payment,,,695,99000.00,Estimated,Withdrew,2020-01-28
Kenzie HOPE,10012596,94539,1000007972,Payment Term,1.75,23900.00,13.0000,48.00,48,3333.34,Deferment,,,0,,,Graduated,2020-07-23
Kenzie HOPE,10012597,30265,1000007974,Payment Term,1.75,13400.00,13.0000,25.00,48,3333.34,Deferment,,,0,31200.00,Reported,Graduated,2020-01-23
Kenzie HOPE,10012687,46176,1000011124,Payment Term,1.75,13900.00,13.0000,28.00,48,3333.34,Deferment,,,0,,,Withdrew,2020-10-20
Kenzie HOPE,10012720,98424,1000008134,Payment Term,1.75,11950.00,13.0000,24.00,48,3333.34,Deferment,,,0,31862.00,Reported,Withdrew,2020-02-20
Kenzie HOPE,10012723,80110,1000008137,Payment Term,1.75,11950.00,13.0000,24.00,48,3333.34,Deferment,,,0,0.00,,Withdrew,2020-01-21
Kenzie HOPE,10012757,74014,1000008180,Payment Term,1.75,23900.00,13.0000,48.00,48,3333.34,Payment,,,512,55000.00,Reported,Graduated,2020-07-23
Kenzie HOPE,10012767,46250,1000008188,Payment Term,1.75,5975.00,13.0000,12.00,48,3333.34,Payment,,,787,99000.00,Estimated,Withdrew,2019-10-11
Kenzie HOPE,10012772,40508,1000008195,Payment Term,1.75,13400.00,13.0000,25.00,48,3333.34,Deferment,,,0,0.00,,Graduated,2020-01-23
Kenzie HOPE,10012773,30101,1000008196,Payment Term,1.75,23900.00,13.0000,48.00,48,3333.34,Payment,,,238,79145.00,Estimated,Graduated,2020-10-23
Kenzie HOPE,10012782,38654,1000008202,Payment Term,1.75,23900.00,13.0000,48.00,48,3333.34,Deferment,,,0,,,Graduated,2020-07-23
Kenzie HOPE,10012799,97030,1000008223,Payment Term,1.75,11950.00,13.0000,24.00,48,3333.34,Payment,,,603,99000.00,Estimated,Withdrew,2020-01-06
Kenzie HOPE,10012806,19123,1000008229,Payment Term,1.75,11950.00,13.0000,24.00,48,3333.34,Payment,,,512,90000.00,Estimated,Withdrew,2019-12-10
Kenzie HOPE,10012816,30308,1000008238,Payment Term,1.75,5975.00,13.0000,12.00,48,3333.34,Payment,,,787,99000.00,Estimated,Withdrew,2019-10-21
Kenzie HOPE,10012842,32821,1000008265,Payment Term,1.75,13400.00,13.0000,25.00,48,3333.34,Deferment,,,0,37176.00,Reported,Graduated,2020-01-23
Kenzie HOPE,10012845,30058,1000008269,Payment Term,1.75,23900.00,13.0000,48.00,48,3333.34,Payment,,,512,90000.00,Estimated,Withdrew,2020-07-06
Kenzie HOPE,10012851,11224,1000008276,Payment Term,1.75,5975.00,13.0000,12.00,48,3333.34,Deferment,,,0,0.00,,Withdrew,2019-10-21
Kenzie HOPE,10012873,87112,1000008298,Payment Term,1.75,5975.00,13.0000,12.00,48,3333.34,Payment,,,756,99000.00,Estimated,Withdrew,2019-11-18
Kenzie HOPE,10012891,76134,1000008320,Payment Term,1.75,5975.00,13.0000,12.00,48,3333.34,Payment,,,787,99000.00,Estimated,Withdrew,2019-10-21
Kenzie HOPE,10013003,89052,1000011339,Payment Term,1.75,5975.00,13.0000,12.00,48,3333.34,Deferment,,,0,,,Withdrew,2020-01-27
Kenzie HOPE,10013221,35016,1000008660,Payment Term,1.75,23900.00,13.0000,48.00,48,3333.34,Payment,,,26,40490.00,Reported,Graduated,2020-07-23
Kenzie HOPE,10013242,95687,1000008691,Payment Term,1.75,14340.00,13.0000,28.00,48,3333.34,Payment,,,116,79145.00,Estimated,Withdrew,2020-03-23
Kenzie HOPE,10013269,78240,1000008724,Payment Term,1.75,4725.00,13.0000,10.00,48,3333.34,Deferment,,,0,15925.00,Reported,Withdrew,2019-10-07
Kenzie HOPE,10013299,10475,1000008761,Payment Term,1.75,11950.00,13.0000,24.00,48,3333.34,Deferment,,,0,33280.00,Reported,Withdrew,2020-01-03
Kenzie HOPE,10013365,28619,1000008829,Payment Term,1.75,14340.00,13.0000,28.00,48,3333.34,Deferment,,,0,,,Withdrew,2020-02-28
Kenzie HOPE,10013380,46222,1000008842,Payment Term,1.75,6700.00,13.0000,13.00,48,3333.34,Deferment,,,0,,,Withdrew,2019-09-30
Kenzie HOPE,10013646,47909,1000009158,Payment Term,1.75,23900.00,13.0000,48.00,48,3333.34,Payment,,,85,48000.00,Reported,Graduated,2020-10-22
Kenzie HOPE,10013704,46268,1000009251,Payment Term,1.75,11950.00,13.0000,24.00,48,3333.34,Payment,,,603,99000.00,Estimated,Withdrew,2020-04-23
Kenzie HOPE,10013798,20724,1000009365,Payment Term,1.75,11950.00,13.0000,24.00,48,3333.34,Deferment,,,0,13800.00,Reported,Withdrew,2020-04-24
Kenzie HOPE,10013799,77084,1000009366,Payment Term,1.75,23900.00,13.0000,48.00,48,3333.34,Deferment,,,0,52.00,Reported,Withdrew,2020-10-05
Kenzie HOPE,10014144,78415,1000009766,Payment Term,1.75,23900.00,13.0000,48.00,48,3333.34,Deferment,,,0,,,Graduated,2020-10-22
Kenzie HOPE,10014146,89119,1000009769,Payment Term,1.75,23900.00,13.0000,48.00,48,3333.34,Deferment,,,0,,,Graduated,2020-10-22
Kenzie HOPE,10014155,10456,1000009775,Payment Term,1.75,23900.00,13.0000,48.00,48,3333.34,Payment,,,238,79145.00,Estimated,Withdrew,2020-04-09
Kenzie HOPE,10014194,75075,1000011230,Payment Term,1.75,5975.00,13.0000,12.00,48,3333.34,Payment,,,695,99000.00,Estimated,Withdrew,2020-01-27
Kenzie HOPE,10014337,78245,1000009970,Payment Term,1.75,23900.00,13.0000,48.00,48,3333.34,Payment,,,0,79145.00,Estimated,Withdrew,2020-07-14
Kenzie HOPE,10014447,46037,1000010084,Payment Term,1.75,23900.00,13.0000,48.00,48,3333.34,Payment,,,0,42536.00,Reported,Withdrew,2021-01-22
Kenzie HOPE,10014512,19115,1000010148,Payment Term,1.75,5975.00,13.0000,12.00,48,3333.34,Payment,,,573,99000.00,Estimated,Withdrew,2019-10-04
Kenzie HOPE,10014513,67401,1000010149,Payment Term,1.75,5975.00,13.0000,12.00,48,3333.34,Payment,,,512,90000.00,Estimated,Withdrew,2019-11-19
Kenzie HOPE,10014539,03431,1000010175,Payment Term,1.75,11950.00,13.0000,24.00,48,3333.34,Payment,,,665,99000.00,Estimated,Withdrew,2020-02-28
Kenzie HOPE,10014540,33165,1000010176,Payment Term,1.75,23900.00,13.0000,48.00,48,3333.34,Payment,,,603,99000.00,Estimated,Withdrew,2020-04-30
Kenzie HOPE,10014542,91350,1000010178,Payment Term,1.75,23900.00,13.0000,48.00,48,3333.34,Deferment,,,0,,,Graduated,2020-10-23
Kenzie HOPE,10014579,06451,1000010217,Payment Term,1.75,23900.00,13.0000,48.00,48,3333.34,Deferment,,,0,34913.00,Reported,Withdrew,2020-06-15
Kenzie HOPE,10014582,33054,1000010220,Payment Term,1.75,5975.00,13.0000,12.00,48,3333.34,Payment,,,787,99000.00,Estimated,Withdrew,2019-10-18
Kenzie HOPE,10014599,32703,1000010237,Payment Term,1.75,23900.00,13.0000,48.00,48,3333.34,Payment,,,481,90000.00,Estimated,Withdrew,2020-08-03
Kenzie HOPE,10014659,46239,1000010295,Payment Term,1.75,5975.00,13.0000,12.00,48,3333.34,Deferment,,,0,0.00,,Withdrew,2020-01-21
Kenzie HOPE,10014660,72086,1000011116,Payment Term,1.75,23900.00,13.0000,48.00,48,3333.34,Payment,,,0,42111.00,Estimated,Withdrew,2020-12-07
Kenzie HOPE,10014661,80631,1000010297,Payment Term,1.75,23900.00,13.0000,48.00,48,3333.34,Payment,,,330,77701.00,Estimated,Graduated,2021-01-22
Kenzie HOPE,10014706,48202,1000010343,Payment Term,1.75,5975.00,13.0000,12.00,48,3333.34,Payment,,,603,99000.00,Estimated,Withdrew,2020-01-27
Kenzie HOPE,10014707,33037,1000010344,Payment Term,1.75,23900.00,13.0000,48.00,48,3333.34,Deferment,,,0,34320.00,Reported,Graduated,2021-01-29
Kenzie HOPE,10014716,47403,1000010353,Payment Term,1.75,5975.00,13.0000,12.00,48,3333.34,Deferment,,,0,30879.00,Reported,Withdrew,2019-12-20
Kenzie HOPE,10014759,46229,1000010395,Payment Term,1.75,3900.00,13.0000,8.00,48,3333.34,Deferment,,,0,0.00,,Withdrew,2021-01-21
Kenzie HOPE,10014855,46201,1000010473,Payment Term,1.75,23900.00,13.0000,48.00,48,3333.34,Deferment,,,0,20353.00,Reported,Withdrew,2020-10-22
Kenzie HOPE,10014856,55432,1000010475,Payment Term,1.75,5375.00,13.0000,11.00,48,3333.34,Payment,,,422,77701.00,Estimated,Withdrew,2020-01-24
Kenzie HOPE,10014920,20903,1000010541,Payment Term,1.75,23900.00,13.0000,48.00,48,3333.34,Deferment,,,0,0.00,,Graduated,2020-10-22
Kenzie HOPE,10014968,46268,1000010947,Payment Term,1.75,3100.00,13.0000,6.00,48,3333.34,Deferment,,,0,37440.00,Reported,Withdrew,2020-01-22
Kenzie HOPE,10015022,70816,1000010655,Payment Term,1.75,11950.00,13.0000,24.00,48,3333.34,Deferment,,,0,22649.00,Reported,Withdrew,2020-05-11
Kenzie HOPE,10015034,46227,1000010664,Payment Term,1.75,4725.00,13.0000,9.00,48,3333.34,Payment,,,238,42640.00,Reported,Withdrew,2020-01-27
Kenzie HOPE,10015038,41017,1000010755,Payment Term,1.75,5975.00,13.0000,12.00,48,3333.34,Payment,,,85,79145.00,Estimated,Withdrew,2020-01-27
Kenzie HOPE,10015155,46236,1000011519,Payment Term,1.75,5975.00,13.0000,12.00,48,3333.34,Deferment,,,0,,,Withdrew,2020-01-27
Kenzie HOPE,10015165,97348,1000011143,Payment Term,1.75,23900.00,13.0000,48.00,48,3333.34,Deferment,,,0,0.00,,Graduated,2020-10-22
Kenzie HOPE,10015195,31419,1000010821,Payment Term,1.75,23900.00,13.0000,48.00,48,3333.34,Deferment,,,0,18000.00,Reported,Graduated,2021-01-29
Kenzie HOPE,10015223,29020,1000010853,Payment Term,1.75,23900.00,13.0000,48.00,48,3333.34,Payment,,,0,64992.00,Reported,Graduated,2020-10-22
Kenzie HOPE,10015224,83440,1000010854,Payment Term,1.75,23900.00,13.0000,48.00,48,3333.34,Deferment,,,0,20800.00,Reported,Graduated,2020-10-22
Kenzie HOPE,10015226,30518,1000010856,Payment Term,1.75,5975.00,13.0000,12.00,48,3333.34,Payment,,,695,99000.00,Estimated,Withdrew,2020-01-27
Kenzie HOPE,10015252,47362,1000010880,Payment Term,1.75,23900.00,13.0000,48.00,48,3333.34,Payment,,,330,77701.00,Estimated,Graduated,2021-01-29
Kenzie HOPE,10015285,46202,1000010906,Payment Term,1.75,14340.00,13.0000,28.00,48,3333.34,Payment,,,0,42111.00,Estimated,Withdrew,2020-06-05
Kenzie HOPE,10015327,46234,1000010940,Payment Term,1.75,23900.00,13.0000,48.00,48,3333.34,Deferment,,,0,31320.00,Reported,Withdrew,2020-09-25
Kenzie HOPE,10015355,30157,1000010972,Payment Term,1.75,23900.00,13.0000,48.00,48,3333.34,Deferment,,,0,0.00,,Graduated,2021-01-21
Kenzie HOPE,10015415,46077,1000011129,Payment Term,1.75,14340.00,13.0000,28.00,48,3333.34,Deferment,,,0,,,Withdrew,2020-05-18
Kenzie HOPE,10015416,60106,1000011033,Payment Term,1.75,5975.00,13.0000,12.00,48,3333.34,Payment,,,695,99000.00,Estimated,Withdrew,2020-01-09
Kenzie HOPE,10015428,56071,1000011147,Payment Term,1.75,11950.00,13.0000,24.00,48,3333.34,Deferment,,,0,35360.00,Reported,Withdrew,2020-04-23
Kenzie HOPE,10015464,46221,1000011133,Payment Term,1.75,4725.00,13.0000,9.00,48,3333.34,Deferment,,,0,35360.00,Reported,Withdrew,2020-01-27
Kenzie HOPE,10015467,46217,1000011130,Payment Term,1.75,13900.00,13.0000,28.00,48,3333.34,Deferment,,,0,29120.00,Reported,Withdrew,2021-01-27
Kenzie HOPE,10015468,30350,1000011135,Payment Term,1.75,23900.00,13.0000,48.00,48,3333.34,Deferment,,,0,6780.00,Reported,Graduated,2020-10-22
Kenzie HOPE,10015519,46202,1000011209,Payment Term,1.75,14340.00,13.0000,28.00,48,3333.34,Deferment,,,0,30940.00,Reported,Withdrew,2020-09-10
Kenzie HOPE,10015547,46228,1000011242,Payment Term,1.75,11950.00,13.0000,24.00,48,3333.34,Payment,,,177,79145.00,Estimated,Withdrew,2020-04-23
Kenzie HOPE,10015598,46016,1000011293,Payment Term,1.75,5975.00,13.0000,12.00,48,3333.34,Payment,,,300,40729.00,Estimated,Withdrew,2020-01-21
Kenzie HOPE,10015601,53212,1000011295,Payment Term,1.75,11950.00,13.0000,24.00,48,3333.34,Payment,,,603,99000.00,Estimated,Withdrew,2020-04-23
Kenzie HOPE,10015612,46202,1000011307,Payment Term,1.75,23900.00,13.0000,48.00,48,3333.34,Deferment,,,0,35006.00,Reported,Withdrew,2020-10-20
Kenzie HOPE,10015619,49440,1000011314,Payment Term,1.75,11950.00,13.0000,24.00,48,3333.34,Payment,,,573,99000.00,Estimated,Withdrew,2020-05-15
Kenzie HOPE,10015631,66214,1000011329,Payment Term,1.75,23900.00,13.0000,48.00,48,3333.34,Deferment,,,0,23957.00,Reported,Withdrew,2020-10-22
Kenzie HOPE,10015640,46228,1000011334,Payment Term,1.75,11950.00,13.0000,24.00,48,3333.34,Payment,,,603,99000.00,Estimated,Withdrew,2020-04-23
Kenzie HOPE,10015657,98188,1000011352,Payment Term,1.75,14340.00,13.0000,28.00,48,3333.34,Payment,,,57,68377.00,Reported,Withdrew,2020-05-08
Kenzie HOPE,10015675,46835,1000011370,Payment Term,1.75,23900.00,13.0000,48.00,48,3333.34,Deferment,,,0,25542.00,Reported,Graduated,2020-10-22
Kenzie HOPE,10015678,77054,1000011373,Payment Term,1.75,11950.00,13.0000,24.00,48,3333.34,Deferment,,,0,24000.00,Reported,Withdrew,2020-04-24
Kenzie HOPE,10015684,45506,1000011379,Payment Term,1.75,23900.00,13.0000,48.00,48,3333.34,Payment,,,361,92000.00,Reported,Withdrew,2020-12-01
Kenzie HOPE,10015701,78626,1000011395,Payment Term,1.75,5975.00,13.0000,12.00,48,3333.34,Payment,,,300,40729.00,Estimated,Withdrew,2020-01-31
Kenzie HOPE,10015703,46052,1000011397,Payment Term,1.75,23900.00,13.0000,48.00,48,3333.34,Payment,,,330,47235.00,Reported,Withdrew,2020-07-30
Kenzie HOPE,10015727,66502,1000011427,Payment Term,1.75,5975.00,13.0000,12.00,48,3333.34,Payment,,,695,99000.00,Estimated,Withdrew,2020-01-13
Kenzie HOPE,10015729,80925,1000011429,Payment Term,1.75,23900.00,13.0000,48.00,48,3333.34,Payment,,,147,42111.00,Estimated,Graduated,2021-01-29
Kenzie HOPE,10015737,37405,1000011441,Payment Term,1.75,23900.00,13.0000,48.00,48,3333.34,Payment,,,0,61922.00,Reported,Graduated,2020-10-22
Kenzie HOPE,10015804,80863,1000011513,Payment Term,1.75,23900.00,13.0000,48.00,48,3333.34,Payment,,,0,60008.00,Reported,Graduated,2020-10-22
Kenzie HOPE,10015810,89512,1000011521,Payment Term,1.75,23900.00,13.0000,48.00,48,3333.34,Payment,,,0,42494.00,Reported,Graduated,2020-10-22
Kenzie HOPE,10015835,85044,1000011549,Payment Term,1.75,11950.00,13.0000,24.00,48,3333.34,Payment,,,512,74542.00,Reported,Withdrew,2020-04-24
Kenzie HOPE,10015837,84651,1000011551,Payment Term,1.75,5975.00,13.0000,12.00,48,3333.34,Deferment,,,0,21891.00,Reported,Withdrew,2019-12-11
Kenzie HOPE,10015844,93021,1000011562,Payment Term,1.75,5975.00,13.0000,12.00,48,3333.34,Deferment,,,0,0.00,,Withdrew,2020-01-27
Kenzie HOPE,10015880,46250,1000011596,Payment Term,1.75,23900.00,13.0000,48.00,48,3333.34,Payment,,,422,40729.00,Estimated,Withdrew,2020-10-20
Kenzie HOPE,10015881,43068,1000011597,Payment Term,1.75,5975.00,13.0000,12.00,48,3333.34,Payment,,,542,90000.00,Estimated,Withdrew,2020-03-18
Kenzie HOPE,10016154,81004,1000015867,Payment Term,1.75,23900.00,13.0000,48.00,48,3333.34,Payment,,,238,79145.00,Estimated,Withdrew,2021-04-17
Kenzie HOPE,10016252,10025,1000011989,Payment Term,1.75,14340.00,13.0000,28.00,48,3333.34,Payment,,,26,42111.00,Estimated,Withdrew,2020-08-12
Kenzie HOPE,10016312,27874,1000012068,Payment Term,1.75,5975.00,13.0000,12.00,48,3333.34,Deferment,,,0,33816.00,Reported,Withdrew,2020-06-12
Kenzie HOPE,10016363,22302,1000012122,Payment Term,1.75,14340.00,13.0000,28.00,48,3333.34,Deferment,,,0,24700.00,Reported,Withdrew,2020-09-03
Kenzie HOPE,10016410,10940,1000012173,Payment Term,1.75,23900.00,13.0000,48.00,48,3333.34,Deferment,,,0,,,Withdrew,2021-03-12
Kenzie HOPE,10016423,27405,1000012185,Payment Term,1.75,23900.00,13.0000,48.00,48,3333.34,Deferment,,,0,31882.00,Reported,Graduated,2021-01-29
Kenzie HOPE,10016437,46260,1000012201,Payment Term,1.75,23900.00,13.0000,48.00,48,3333.34,Payment,,,26,42111.00,Estimated,Withdrew,2020-09-23
Kenzie HOPE,10016462,47374,1000012225,Payment Term,1.75,23900.00,13.0000,48.00,48,3333.34,Deferment,,,0,0.00,,Withdrew,2021-03-02
Kenzie HOPE,10016651,20740,1000012416,Payment Term,1.75,23900.00,13.0000,48.00,48,3333.34,Deferment,,,0,31850.00,Reported,Graduated,2021-10-29
Kenzie HOPE,10016663,30314,1000012427,Payment Term,1.75,23900.00,13.0000,48.00,48,3333.34,Payment,,,116,61117.00,Reported,Graduated,2021-01-29
Kenzie HOPE,10016796,72450,1000012565,Payment Term,1.75,23900.00,13.0000,48.00,48,3333.34,Deferment,,,0,30451.00,Reported,Graduated,2021-04-30
Kenzie HOPE,10016845,75251,1000012622,Payment Term,1.75,11950.00,13.0000,24.00,48,3333.34,Payment,,,102,90047.00,Reported,Withdrew,2020-07-24
Kenzie HOPE,10016967,97827,1000012767,Payment Term,1.75,23900.00,13.0000,48.00,48,3333.34,Payment,,,330,55000.00,Reported,Graduated,2021-01-29
Kenzie HOPE,10017137,97838,1000013128,Payment Term,1.75,23900.00,13.0000,48.00,48,3333.34,Deferment,,,0,33860.00,Reported,Graduated,2021-01-29
Kenzie HOPE,10017138,62901,1000013129,Payment Term,1.75,11950.00,13.0000,24.00,48,3333.34,Payment,,,57,79145.00,Estimated,Withdrew,2020-06-15
Kenzie HOPE,10017284,78239,1000013293,Payment Term,1.75,23900.00,13.0000,48.00,48,3333.34,Deferment,,,0,0.00,,Graduated,2021-07-30
Kenzie HOPE,10017387,07624,1000013394,Payment Term,1.75,23900.00,13.0000,48.00,48,3333.34,Payment,,,330,77701.00,Estimated,Withdrew,2021-01-26
Kenzie HOPE,10017416,78252,1000013421,Payment Term,1.75,5975.00,13.0000,12.00,48,3333.34,Payment,,,361,40729.00,Estimated,Withdrew,2020-03-23
Kenzie HOPE,10017461,45356,1000013465,Payment Term,1.75,11950.00,13.0000,24.00,48,3333.34,Payment,,,26,42111.00,Estimated,Withdrew,2020-10-23
Kenzie HOPE,10017469,41102,1000013478,Payment Term,1.75,5975.00,13.0000,12.00,48,3333.34,Payment,,,85,79145.00,Estimated,Withdrew,2020-04-13
Kenzie HOPE,10017591,39540,1000013609,Payment Term,1.75,23900.00,13.0000,48.00,48,3333.34,Payment,,,391,77701.00,Estimated,Withdrew,2020-11-24
Kenzie HOPE,10017609,48093,1000013626,Payment Term,1.75,23900.00,13.0000,48.00,48,3333.34,Deferment,,,0,0.00,,Graduated,2021-01-29
Kenzie HOPE,10017634,20855,1000013651,Payment Term,1.75,23900.00,13.0000,48.00,48,3333.34,Payment,,,0,57000.00,Reported,Graduated,2021-01-29
Kenzie HOPE,10017639,58042,1000013657,Payment Term,1.75,23900.00,13.0000,48.00,48,3333.34,Deferment,,,0,0.00,,Graduated,2021-04-30
Kenzie HOPE,10017642,76182,1000013660,Payment Term,1.75,23900.00,13.0000,48.00,48,3333.34,Deferment,,,0,31200.00,Reported,Withdrew,2020-12-21
Kenzie HOPE,10017652,94110,1000013670,Payment Term,1.75,23900.00,13.0000,48.00,48,3333.34,Deferment,,,0,31670.00,Reported,Withdrew,2021-03-12
Kenzie HOPE,10017689,46033,1000013703,Payment Term,1.75,5975.00,13.0000,12.00,48,3333.34,Payment,,,0,79145.00,Estimated,Withdrew,2020-04-27
Kenzie HOPE,10017750,85757,1000013763,Payment Term,1.75,14340.00,13.0000,28.00,48,3333.34,Payment,,,269,42111.00,Estimated,Withdrew,2020-12-03
Kenzie HOPE,10017875,46074,1000013912,Payment Term,1.75,23900.00,13.0000,48.00,48,3333.34,Deferment,,,0,10441.00,Reported,Withdrew,2021-03-31
Kenzie HOPE,10017921,76118,1000013957,Payment Term,1.75,23900.00,13.0000,48.00,48,3333.34,Payment,,,330,77701.00,Estimated,Graduated,2021-01-29
Kenzie HOPE,10018014,89169,1000014050,Payment Term,1.75,11950.00,13.0000,24.00,48,3333.34,Payment,,,422,77701.00,Estimated,Withdrew,2020-07-14
Kenzie HOPE,10018086,29927,1000014121,Payment Term,1.75,23900.00,13.0000,48.00,48,3333.34,Deferment,,,0,,,Graduated,2021-01-29
Kenzie HOPE,10018113,38114,1000014153,Payment Term,1.75,5975.00,13.0000,12.00,48,3333.34,Closed,2022-02-11,Bankruptcy,542,90000.00,Estimated,Withdrew,2020-03-27
Kenzie HOPE,10018155,46147,1000014198,Payment Term,1.75,5975.00,13.0000,12.00,48,3333.34,Payment,,,481,42500.00,Reported,Withdrew,2020-03-17
Kenzie HOPE,10018157,12550,1000014200,Payment Term,1.75,5975.00,13.0000,12.00,48,3333.34,Deferment,,,0,22308.00,Reported,Withdrew,2020-06-22
Kenzie HOPE,10018260,46035,1000014311,Payment Term,1.75,23900.00,13.0000,48.00,48,3333.34,Deferment,,,0,30695.00,Reported,Withdrew,2021-04-30
Kenzie HOPE,10018599,80526,1000014651,Payment Term,1.75,23900.00,13.0000,48.00,48,3333.34,Payment,,,147,79145.00,Estimated,Withdrew,2021-01-29
Kenzie HOPE,10018605,89119,1000014657,Payment Term,1.75,23900.00,13.0000,48.00,48,3333.34,Deferment,,,0,0.00,,Graduated,2021-04-30
Kenzie HOPE,10018610,90602,1000014659,Payment Term,1.75,11950.00,13.0000,24.00,48,3333.34,Deferment,,,0,35568.00,Reported,Withdrew,2020-11-04
Kenzie HOPE,10018611,33428,1000014660,Payment Term,1.75,5975.00,13.0000,12.00,48,3333.34,Deferment,,,0,35360.00,Reported,Withdrew,2020-06-16
Kenzie HOPE,10018758,44011,1000014822,Payment Term,1.75,5975.00,13.0000,12.00,48,3333.34,Payment,,,481,90000.00,Estimated,Withdrew,2020-08-02
Kenzie HOPE,10018822,40215,1000014887,Payment Term,1.75,11950.00,13.0000,24.00,48,3333.34,Payment,,,0,79145.00,Estimated,Withdrew,2020-09-08
Kenzie HOPE,10018855,48234,1000014924,Payment Term,1.75,23900.00,13.0000,48.00,48,3333.34,Deferment,,,0,32294.00,Reported,Graduated,2021-04-30
Kenzie HOPE,10018953,98118,1000015025,Payment Term,1.75,23900.00,13.0000,48.00,48,3333.34,Deferment,,,0,31652.00,Reported,Graduated,2021-04-30
Kenzie HOPE,10019031,86442,1000015107,Payment Term,1.75,23900.00,13.0000,48.00,48,3333.34,Deferment,,,0,,,Withdrew,2021-01-21
Kenzie HOPE,10019181,11210,1000015259,Payment Term,1.75,11950.00,13.0000,24.00,48,3333.34,Deferment,,,0,0.00,,Withdrew,2020-10-23
Kenzie HOPE,10019273,10037,1000015362,Payment Term,1.75,11950.00,13.0000,24.00,48,3333.34,Payment,,,26,79145.00,Estimated,Withdrew,2021-01-04
Kenzie HOPE,10019304,19713,1000015391,Payment Term,1.75,23900.00,13.0000,48.00,48,3333.34,Payment,,,330,40729.00,Estimated,Withdrew,2021-01-27
Kenzie HOPE,10019305,74127,1000015392,Payment Term,1.75,11950.00,13.0000,24.00,48,3333.34,Payment,,,238,42500.00,Reported,Withdrew,2020-08-20
Kenzie HOPE,10019321,19107,1000015408,Payment Term,1.75,5975.00,13.0000,12.00,48,3333.34,Deferment,,,0,33800.00,Reported,Withdrew,2020-07-20
Kenzie HOPE,10019329,46122,1000015417,Payment Term,1.75,23900.00,13.0000,48.00,48,3333.34,Deferment,,,0,12854.00,Reported,Withdrew,2021-01-05
Kenzie HOPE,10019447,75104,1000015554,Payment Term,1.75,23900.00,13.0000,48.00,48,3333.34,Payment,,,85,42111.00,Estimated,Withdrew,2021-01-27
Kenzie HOPE,10019553,44113,1000015672,Payment Term,1.75,23900.00,13.0000,48.00,48,3333.34,Deferment,,,0,0.00,,Withdrew,2021-03-15
Kenzie HOPE,10019662,28723,1000015798,Payment Term,1.75,11950.00,13.0000,24.00,48,3333.34,Payment,,,330,48503.00,Reported,Withdrew,2020-09-21
Kenzie HOPE,10019715,15666,1000015859,Payment Term,1.75,23900.00,13.0000,48.00,48,3333.34,Deferment,,,0,11440.00,Reported,Withdrew,2021-01-12
Kenzie HOPE,10019717,33584,1000015860,Payment Term,1.75,23900.00,13.0000,48.00,48,3333.34,Payment,,,0,100000.00,Reported,Graduated,2021-04-30
Kenzie HOPE,10019725,94561,1000015870,Payment Term,1.75,23900.00,13.0000,48.00,48,3333.34,Deferment,,,0,14602.00,Reported,Graduated,2021-07-30
Kenzie HOPE,10019769,10462,1000015914,Payment Term,1.75,23900.00,13.0000,48.00,48,3333.34,Payment,,,0,79145.00,Estimated,Withdrew,2021-05-20
Kenzie HOPE,10019788,80013,1000015932,Payment Term,1.75,23900.00,13.0000,48.00,48,3333.34,Payment,,,0,48582.00,Reported,Graduated,2021-04-30
Kenzie HOPE,10019884,31027,1000016029,Payment Term,1.75,5975.00,13.0000,12.00,48,3333.34,Deferment,,,0,,,Withdrew,2020-07-06
Kenzie HOPE,10019916,47348,1000016065,Payment Term,1.75,23900.00,13.0000,48.00,48,3333.34,Deferment,,,0,18844.00,Reported,Graduated,2021-04-30
Kenzie HOPE,10019963,94303,1000016113,Payment Term,1.75,23900.00,13.0000,48.00,48,3333.34,Payment,,,57,79145.00,Estimated,Graduated,2021-04-30
Kenzie HOPE,10019992,97223,1000016142,Payment Term,1.75,23900.00,13.0000,48.00,48,3333.34,Payment,,,238,79145.00,Estimated,Graduated,2021-04-30
Kenzie HOPE,10020041,48212,1000016199,Payment Term,1.75,11950.00,13.0000,24.00,48,3333.34,Deferment,,,0,23400.00,Reported,Withdrew,2020-08-13
Kenzie HOPE,10020042,11237,1000016200,Payment Term,1.75,11950.00,13.0000,24.00,48,3333.34,Payment,,,422,77701.00,Estimated,Withdrew,2020-10-05
Kenzie HOPE,10020092,46201,1000016251,Payment Term,1.75,5975.00,13.0000,12.00,48,3333.34,Deferment,,,0,35360.00,Reported,Withdrew,2020-06-09
Kenzie HOPE,10020145,20019,1000016314,Payment Term,1.75,11950.00,13.0000,24.00,48,3333.34,Deferment,,,0,38402.00,Reported,Withdrew,2020-09-12
Kenzie HOPE,10020150,60453,1000016319,Payment Term,1.75,23900.00,13.0000,48.00,48,3333.34,Deferment,,,0,0.00,,Graduated,2021-04-30
Kenzie HOPE,10020162,95833,1000016334,Payment Term,1.75,23900.00,13.0000,48.00,48,3333.34,Payment,,,116,64999.00,Reported,Graduated,2021-04-30
Kenzie HOPE,10020182,37209,1000016355,Payment Term,1.75,23900.00,13.0000,48.00,48,3333.34,Payment,,,57,79145.00,Estimated,Graduated,2021-04-30
Kenzie HOPE,10020190,60408,1000016365,Payment Term,1.75,14340.00,13.0000,28.00,48,3333.34,Deferment,,,0,,,Withdrew,2020-12-01
Kenzie HOPE,10020213,46123,1000016391,Payment Term,1.75,11950.00,13.0000,24.00,48,3333.34,Payment,,,481,90000.00,Estimated,Withdrew,2020-08-31
Kenzie HOPE,10020231,80031,1000016409,Payment Term,1.75,23900.00,13.0000,48.00,48,3333.34,Deferment,,,0,0.00,,Graduated,2021-04-30
Kenzie HOPE,10020298,55746,1000016479,Payment Term,1.75,23900.00,13.0000,48.00,48,3333.34,Deferment,,,0,15600.00,Reported,Graduated,2021-04-30
Kenzie HOPE,10020364,78738,1000016547,Payment Term,1.75,23900.00,13.0000,48.00,48,3333.34,Payment,,,26,79145.00,Estimated,Withdrew,2020-12-24
Kenzie HOPE,10020367,80205,1000016549,Payment Term,1.75,23900.00,13.0000,48.00,48,3333.34,Payment,,,238,42111.00,Estimated,Graduated,2021-04-30
Kenzie HOPE,10020380,89139,1000016562,Payment Term,1.75,23900.00,13.0000,48.00,48,3333.34,Payment,,,116,79145.00,Estimated,Withdrew,2021-08-10
Kenzie HOPE,10020453,48607,1000016690,Payment Term,1.75,11950.00,13.0000,24.00,48,3333.34,Deferment,,,0,,,Withdrew,2020-08-24
Kenzie HOPE,10020483,78734,1000016683,Payment Term,1.75,5975.00,13.0000,12.00,48,3333.34,Pending Reconciliation,,,0,181000.00,Reported,Withdrew,2020-06-26
Kenzie HOPE,10020499,77450,1000016696,Payment Term,1.75,23900.00,13.0000,48.00,48,3333.34,Payment,,,238,79145.00,Estimated,Graduated,2021-04-30
Kenzie HOPE,10020501,33323,1000016698,Payment Term,1.75,5975.00,13.0000,12.00,48,3333.34,Payment,,,361,77701.00,Estimated,Withdrew,2020-06-29
Kenzie HOPE,10020565,48502,1000016779,Payment Term,1.75,5975.00,13.0000,12.00,48,3333.34,Payment,,,330,77701.00,Estimated,Withdrew,2020-07-14
Kenzie HOPE,10020583,10462,1000016799,Payment Term,1.75,5975.00,13.0000,12.00,48,3333.34,Payment,,,0,48960.00,Reported,Withdrew,2020-06-30
Kenzie HOPE,10020599,07003,1000016817,Payment Term,1.75,23900.00,13.0000,48.00,48,3333.34,Deferment,,,0,0.00,,Graduated,2021-04-30
Kenzie HOPE,10020628,13203,1000016855,Payment Term,1.75,23900.00,13.0000,48.00,48,3333.34,Deferment,,,0,37440.00,Reported,Withdrew,2021-03-27
Kenzie HOPE,10020702,06517,1000016934,Payment Term,1.75,23900.00,13.0000,48.00,48,3333.34,Deferment,,,0,15796.00,Reported,Graduated,2021-04-30
Kenzie HOPE,10020724,08108,1000016960,Payment Term,1.75,23900.00,13.0000,48.00,48,3333.34,Payment,,,330,40729.00,Estimated,Withdrew,2021-01-27
Kenzie HOPE,10020752,89509,1000016987,Payment Term,1.75,23900.00,13.0000,48.00,48,3333.34,Deferment,,,0,5200.00,Reported,Graduated,2021-04-30
Kenzie HOPE,10020758,20770,1000016993,Payment Term,1.75,23900.00,13.0000,48.00,48,3333.34,Deferment,,,0,,,Withdrew,2021-01-27
Kenzie HOPE,10022207,20748,1000018792,Payment Term,1.75,11950.00,13.0000,24.00,48,3333.34,Payment,,,391,77701.00,Estimated,Withdrew,2020-11-23
SNHU,10012927,67431,1000008356,NA,1.10,11280.00,5.0000,72.00,60,1666.67,Deferment,,,0,0.00,,Graduated,2021-05-02
SNHU,10012928,03054,1000008358,NA,1.10,10155.00,5.0000,72.00,60,1666.67,Payment,,,0,27655.00,Reported,Withdrew,2020-08-30
SNHU,10012934,03773,1000008363,NA,1.10,9405.00,5.0000,72.00,60,1666.67,Payment,,,0,55709.00,Reported,Graduated,2020-09-25
SNHU,10012954,01543,1000015967,NA,1.10,22572.00,5.0000,72.00,60,1666.67,Payment,,,0,62865.00,Reported,Withdrew,2020-08-30
SNHU,10012969,02762,1000008398,NA,1.10,6093.00,5.0000,72.00,60,1666.67,Payment,,,542,27284.00,Reported,Withdrew,2020-03-29
SNHU,10012984,01852,1000008413,NA,1.10,16248.00,5.0000,72.00,60,1666.67,Payment,,,0,29712.00,Reported,Graduated,2021-05-02
SNHU,10013002,25526,1000008431,NA,1.10,14217.00,5.0000,72.00,60,1666.67,Payment,,,0,30580.00,Reported,Withdrew,2020-06-14
SNHU,10013006,03109,1000008435,NA,1.10,20310.00,5.0000,72.00,60,1666.67,Grace,,,0,34000.00,Reported,Withdrew,2021-10-03
SNHU,10013014,03038,1000008443,NA,1.10,10155.00,5.0000,72.00,60,1666.67,Payment,,,0,61053.00,Reported,Graduated,2021-02-14
SNHU,10013026,04010,1000008456,NA,1.10,16248.00,5.0000,72.00,60,1666.67,Fully Funded,,,0,0.00,,,
SNHU,10013087,78572,1000008516,NA,1.10,20310.00,5.0000,72.00,60,1666.67,Grace,,,0,0.00,,Withdrew,2022-03-13
SNHU,10013091,03102,1000008520,NA,1.10,5643.00,5.0000,72.00,60,1666.67,Payment,,,0,35750.00,Reported,Graduated,2020-01-12
SNHU,10013092,06268,1000008521,NA,1.10,13167.00,5.0000,72.00,60,1666.67,Deferment,,,0,55176.00,Reported,Graduated,2021-05-02
SNHU,10013102,92407,1000008531,NA,1.10,9405.00,5.0000,72.00,60,1666.67,Payment,,,0,89000.00,Reported,Withdrew,2020-03-29
SNHU,10013119,06082,1000008871,NA,1.10,16209.00,5.0000,72.00,60,1666.67,Payment,,,0,43610.00,Reported,Graduated,2021-05-02
SNHU,10013126,85613,1000009618,NA,1.10,8460.00,5.0000,72.00,60,1666.67,Payment,,,0,55171.00,Reported,Graduated,2021-02-14
SNHU,10013133,13491,1000008562,NA,1.10,13167.00,5.0000,72.00,60,1666.67,Payment,,,0,53239.00,Reported,Graduated,2021-02-14
SNHU,10013134,15501,1000008563,NA,1.10,18279.00,5.0000,72.00,60,1666.67,Payment,,,0,24960.00,Reported,Withdrew,2020-08-30
SNHU,10013148,03110,1000008576,NA,1.10,18279.00,5.0000,72.00,60,1666.67,Payment,,,0,46890.00,Reported,Graduated,2021-05-02
SNHU,10013159,02878,1000008588,NA,1.10,15048.00,5.0000,72.00,60,1666.67,Payment,,,0,69539.00,Reported,Graduated,2021-05-02
SNHU,10014160,19144,1000009788,NA,1.10,18279.00,5.0000,72.00,60,1666.67,Deferment,,,0,47667.00,Reported,Graduated,2021-02-14
SNHU,10017066,14770,1000012994,NA,1.10,16248.00,5.0000,72.00,60,1666.67,Deferment,,,0,,,Graduated,2021-02-14
SNHU,10017796,87124,1000014402,NA,1.10,18279.00,5.0000,72.00,60,1666.67,Payment,,,0,47118.00,Reported,Graduated,2021-02-14